P,urn:nasa:pds:maven.lpw.derived:data.w.n:mvn_lpw_l2_wn_20141011::3.1
P,urn:nasa:pds:maven.lpw.derived:data.w.n:mvn_lpw_l2_wn_20141012::3.1
P,urn:nasa:pds:maven.lpw.derived:data.w.n:mvn_lpw_l2_wn_20141013::3.1
P,urn:nasa:pds:maven.lpw.derived:data.w.n:mvn_lpw_l2_wn_20141014::3.1
P,urn:nasa:pds:maven.lpw.derived:data.w.n:mvn_lpw_l2_wn_20141015::3.1
P,urn:nasa:pds:maven.lpw.derived:data.w.n:mvn_lpw_l2_wn_20141016::3.1
P,urn:nasa:pds:maven.lpw.derived:data.w.n:mvn_lpw_l2_wn_20141017::3.1
P,urn:nasa:pds:maven.lpw.derived:data.w.n:mvn_lpw_l2_wn_20141018::3.1
P,urn:nasa:pds:maven.lpw.derived:data.w.n:mvn_lpw_l2_wn_20141019::3.1
P,urn:nasa:pds:maven.lpw.derived:data.w.n:mvn_lpw_l2_wn_20141020::3.1
P,urn:nasa:pds:maven.lpw.derived:data.w.n:mvn_lpw_l2_wn_20141021::3.1
P,urn:nasa:pds:maven.lpw.derived:data.w.n:mvn_lpw_l2_wn_20141022::3.1
P,urn:nasa:pds:maven.lpw.derived:data.w.n:mvn_lpw_l2_wn_20141023::3.1
P,urn:nasa:pds:maven.lpw.derived:data.w.n:mvn_lpw_l2_wn_20141024::3.1
P,urn:nasa:pds:maven.lpw.derived:data.w.n:mvn_lpw_l2_wn_20141025::3.1
P,urn:nasa:pds:maven.lpw.derived:data.w.n:mvn_lpw_l2_wn_20141029::3.1
P,urn:nasa:pds:maven.lpw.derived:data.w.n:mvn_lpw_l2_wn_20141030::3.1
P,urn:nasa:pds:maven.lpw.derived:data.w.n:mvn_lpw_l2_wn_20141031::3.1
P,urn:nasa:pds:maven.lpw.derived:data.w.n:mvn_lpw_l2_wn_20141101::3.1
P,urn:nasa:pds:maven.lpw.derived:data.w.n:mvn_lpw_l2_wn_20141102::3.1
P,urn:nasa:pds:maven.lpw.derived:data.w.n:mvn_lpw_l2_wn_20141103::3.1
P,urn:nasa:pds:maven.lpw.derived:data.w.n:mvn_lpw_l2_wn_20141104::3.1
P,urn:nasa:pds:maven.lpw.derived:data.w.n:mvn_lpw_l2_wn_20141105::3.1
P,urn:nasa:pds:maven.lpw.derived:data.w.n:mvn_lpw_l2_wn_20141106::3.1
P,urn:nasa:pds:maven.lpw.derived:data.w.n:mvn_lpw_l2_wn_20141107::3.1
P,urn:nasa:pds:maven.lpw.derived:data.w.n:mvn_lpw_l2_wn_20141108::3.1
P,urn:nasa:pds:maven.lpw.derived:data.w.n:mvn_lpw_l2_wn_20141109::3.1
P,urn:nasa:pds:maven.lpw.derived:data.w.n:mvn_lpw_l2_wn_20141110::3.1
P,urn:nasa:pds:maven.lpw.derived:data.w.n:mvn_lpw_l2_wn_20141111::3.1
P,urn:nasa:pds:maven.lpw.derived:data.w.n:mvn_lpw_l2_wn_20141112::3.1
P,urn:nasa:pds:maven.lpw.derived:data.w.n:mvn_lpw_l2_wn_20141113::3.1
P,urn:nasa:pds:maven.lpw.derived:data.w.n:mvn_lpw_l2_wn_20141114::3.1
P,urn:nasa:pds:maven.lpw.derived:data.w.n:mvn_lpw_l2_wn_20141115::4.0
P,urn:nasa:pds:maven.lpw.derived:data.w.n:mvn_lpw_l2_wn_20141116::4.0
P,urn:nasa:pds:maven.lpw.derived:data.w.n:mvn_lpw_l2_wn_20141117::4.0
P,urn:nasa:pds:maven.lpw.derived:data.w.n:mvn_lpw_l2_wn_20141118::4.0
P,urn:nasa:pds:maven.lpw.derived:data.w.n:mvn_lpw_l2_wn_20141119::4.0
P,urn:nasa:pds:maven.lpw.derived:data.w.n:mvn_lpw_l2_wn_20141127::4.0
P,urn:nasa:pds:maven.lpw.derived:data.w.n:mvn_lpw_l2_wn_20141128::4.0
P,urn:nasa:pds:maven.lpw.derived:data.w.n:mvn_lpw_l2_wn_20141129::4.0
P,urn:nasa:pds:maven.lpw.derived:data.w.n:mvn_lpw_l2_wn_20141130::4.0
P,urn:nasa:pds:maven.lpw.derived:data.w.n:mvn_lpw_l2_wn_20141201::4.0
P,urn:nasa:pds:maven.lpw.derived:data.w.n:mvn_lpw_l2_wn_20141202::4.0
P,urn:nasa:pds:maven.lpw.derived:data.w.n:mvn_lpw_l2_wn_20141203::4.0
P,urn:nasa:pds:maven.lpw.derived:data.w.n:mvn_lpw_l2_wn_20141204::4.0
P,urn:nasa:pds:maven.lpw.derived:data.w.n:mvn_lpw_l2_wn_20141205::4.0
P,urn:nasa:pds:maven.lpw.derived:data.w.n:mvn_lpw_l2_wn_20141206::4.0
P,urn:nasa:pds:maven.lpw.derived:data.w.n:mvn_lpw_l2_wn_20141207::4.0
P,urn:nasa:pds:maven.lpw.derived:data.w.n:mvn_lpw_l2_wn_20141208::4.0
P,urn:nasa:pds:maven.lpw.derived:data.w.n:mvn_lpw_l2_wn_20141209::4.0
P,urn:nasa:pds:maven.lpw.derived:data.w.n:mvn_lpw_l2_wn_20141210::4.0
P,urn:nasa:pds:maven.lpw.derived:data.w.n:mvn_lpw_l2_wn_20141211::4.0
P,urn:nasa:pds:maven.lpw.derived:data.w.n:mvn_lpw_l2_wn_20141212::4.0
P,urn:nasa:pds:maven.lpw.derived:data.w.n:mvn_lpw_l2_wn_20141213::4.0
P,urn:nasa:pds:maven.lpw.derived:data.w.n:mvn_lpw_l2_wn_20141214::4.0
P,urn:nasa:pds:maven.lpw.derived:data.w.n:mvn_lpw_l2_wn_20141215::4.0
P,urn:nasa:pds:maven.lpw.derived:data.w.n:mvn_lpw_l2_wn_20141216::4.0
P,urn:nasa:pds:maven.lpw.derived:data.w.n:mvn_lpw_l2_wn_20141217::4.0
P,urn:nasa:pds:maven.lpw.derived:data.w.n:mvn_lpw_l2_wn_20141218::4.0
P,urn:nasa:pds:maven.lpw.derived:data.w.n:mvn_lpw_l2_wn_20141219::4.0
P,urn:nasa:pds:maven.lpw.derived:data.w.n:mvn_lpw_l2_wn_20141220::4.0
P,urn:nasa:pds:maven.lpw.derived:data.w.n:mvn_lpw_l2_wn_20141221::4.0
P,urn:nasa:pds:maven.lpw.derived:data.w.n:mvn_lpw_l2_wn_20141222::4.0
P,urn:nasa:pds:maven.lpw.derived:data.w.n:mvn_lpw_l2_wn_20141223::4.0
P,urn:nasa:pds:maven.lpw.derived:data.w.n:mvn_lpw_l2_wn_20141224::4.0
P,urn:nasa:pds:maven.lpw.derived:data.w.n:mvn_lpw_l2_wn_20141225::4.0
P,urn:nasa:pds:maven.lpw.derived:data.w.n:mvn_lpw_l2_wn_20141226::4.0
P,urn:nasa:pds:maven.lpw.derived:data.w.n:mvn_lpw_l2_wn_20141227::4.0
P,urn:nasa:pds:maven.lpw.derived:data.w.n:mvn_lpw_l2_wn_20141228::4.0
P,urn:nasa:pds:maven.lpw.derived:data.w.n:mvn_lpw_l2_wn_20141229::4.0
P,urn:nasa:pds:maven.lpw.derived:data.w.n:mvn_lpw_l2_wn_20141230::4.0
P,urn:nasa:pds:maven.lpw.derived:data.w.n:mvn_lpw_l2_wn_20141231::4.0
P,urn:nasa:pds:maven.lpw.derived:data.w.n:mvn_lpw_l2_wn_20150101::4.0
P,urn:nasa:pds:maven.lpw.derived:data.w.n:mvn_lpw_l2_wn_20150102::4.0
P,urn:nasa:pds:maven.lpw.derived:data.w.n:mvn_lpw_l2_wn_20150103::4.0
P,urn:nasa:pds:maven.lpw.derived:data.w.n:mvn_lpw_l2_wn_20150104::4.0
P,urn:nasa:pds:maven.lpw.derived:data.w.n:mvn_lpw_l2_wn_20150105::4.0
P,urn:nasa:pds:maven.lpw.derived:data.w.n:mvn_lpw_l2_wn_20150106::4.0
P,urn:nasa:pds:maven.lpw.derived:data.w.n:mvn_lpw_l2_wn_20150107::4.0
P,urn:nasa:pds:maven.lpw.derived:data.w.n:mvn_lpw_l2_wn_20150108::4.0
P,urn:nasa:pds:maven.lpw.derived:data.w.n:mvn_lpw_l2_wn_20150109::4.0
P,urn:nasa:pds:maven.lpw.derived:data.w.n:mvn_lpw_l2_wn_20150110::4.0
P,urn:nasa:pds:maven.lpw.derived:data.w.n:mvn_lpw_l2_wn_20150111::4.0
P,urn:nasa:pds:maven.lpw.derived:data.w.n:mvn_lpw_l2_wn_20150112::4.0
P,urn:nasa:pds:maven.lpw.derived:data.w.n:mvn_lpw_l2_wn_20150113::4.0
P,urn:nasa:pds:maven.lpw.derived:data.w.n:mvn_lpw_l2_wn_20150114::4.0
P,urn:nasa:pds:maven.lpw.derived:data.w.n:mvn_lpw_l2_wn_20150115::4.0
P,urn:nasa:pds:maven.lpw.derived:data.w.n:mvn_lpw_l2_wn_20150116::4.0
P,urn:nasa:pds:maven.lpw.derived:data.w.n:mvn_lpw_l2_wn_20150117::4.0
P,urn:nasa:pds:maven.lpw.derived:data.w.n:mvn_lpw_l2_wn_20150118::4.0
P,urn:nasa:pds:maven.lpw.derived:data.w.n:mvn_lpw_l2_wn_20150119::4.0
P,urn:nasa:pds:maven.lpw.derived:data.w.n:mvn_lpw_l2_wn_20150120::4.0
P,urn:nasa:pds:maven.lpw.derived:data.w.n:mvn_lpw_l2_wn_20150121::4.0
P,urn:nasa:pds:maven.lpw.derived:data.w.n:mvn_lpw_l2_wn_20150122::4.0
P,urn:nasa:pds:maven.lpw.derived:data.w.n:mvn_lpw_l2_wn_20150123::4.0
P,urn:nasa:pds:maven.lpw.derived:data.w.n:mvn_lpw_l2_wn_20150124::4.0
P,urn:nasa:pds:maven.lpw.derived:data.w.n:mvn_lpw_l2_wn_20150125::4.0
P,urn:nasa:pds:maven.lpw.derived:data.w.n:mvn_lpw_l2_wn_20150126::4.0
P,urn:nasa:pds:maven.lpw.derived:data.w.n:mvn_lpw_l2_wn_20150127::4.0
P,urn:nasa:pds:maven.lpw.derived:data.w.n:mvn_lpw_l2_wn_20150128::4.0
P,urn:nasa:pds:maven.lpw.derived:data.w.n:mvn_lpw_l2_wn_20150129::4.0
P,urn:nasa:pds:maven.lpw.derived:data.w.n:mvn_lpw_l2_wn_20150130::4.0
P,urn:nasa:pds:maven.lpw.derived:data.w.n:mvn_lpw_l2_wn_20150131::4.0
P,urn:nasa:pds:maven.lpw.derived:data.w.n:mvn_lpw_l2_wn_20150201::4.0
P,urn:nasa:pds:maven.lpw.derived:data.w.n:mvn_lpw_l2_wn_20150202::4.0
P,urn:nasa:pds:maven.lpw.derived:data.w.n:mvn_lpw_l2_wn_20150203::4.0
P,urn:nasa:pds:maven.lpw.derived:data.w.n:mvn_lpw_l2_wn_20150204::4.0
P,urn:nasa:pds:maven.lpw.derived:data.w.n:mvn_lpw_l2_wn_20150205::4.0
P,urn:nasa:pds:maven.lpw.derived:data.w.n:mvn_lpw_l2_wn_20150206::4.0
P,urn:nasa:pds:maven.lpw.derived:data.w.n:mvn_lpw_l2_wn_20150207::4.0
P,urn:nasa:pds:maven.lpw.derived:data.w.n:mvn_lpw_l2_wn_20150208::4.0
P,urn:nasa:pds:maven.lpw.derived:data.w.n:mvn_lpw_l2_wn_20150209::4.0
P,urn:nasa:pds:maven.lpw.derived:data.w.n:mvn_lpw_l2_wn_20150210::4.0
P,urn:nasa:pds:maven.lpw.derived:data.w.n:mvn_lpw_l2_wn_20150211::4.0
P,urn:nasa:pds:maven.lpw.derived:data.w.n:mvn_lpw_l2_wn_20150212::4.0
P,urn:nasa:pds:maven.lpw.derived:data.w.n:mvn_lpw_l2_wn_20150213::4.0
P,urn:nasa:pds:maven.lpw.derived:data.w.n:mvn_lpw_l2_wn_20150214::4.0
P,urn:nasa:pds:maven.lpw.derived:data.w.n:mvn_lpw_l2_wn_20150215::4.0
P,urn:nasa:pds:maven.lpw.derived:data.w.n:mvn_lpw_l2_wn_20150216::4.0
P,urn:nasa:pds:maven.lpw.derived:data.w.n:mvn_lpw_l2_wn_20150217::4.0
P,urn:nasa:pds:maven.lpw.derived:data.w.n:mvn_lpw_l2_wn_20150218::4.0
P,urn:nasa:pds:maven.lpw.derived:data.w.n:mvn_lpw_l2_wn_20150219::4.0
P,urn:nasa:pds:maven.lpw.derived:data.w.n:mvn_lpw_l2_wn_20150220::4.0
P,urn:nasa:pds:maven.lpw.derived:data.w.n:mvn_lpw_l2_wn_20150221::4.0
P,urn:nasa:pds:maven.lpw.derived:data.w.n:mvn_lpw_l2_wn_20150222::4.0
P,urn:nasa:pds:maven.lpw.derived:data.w.n:mvn_lpw_l2_wn_20150223::4.0
P,urn:nasa:pds:maven.lpw.derived:data.w.n:mvn_lpw_l2_wn_20150224::4.0
P,urn:nasa:pds:maven.lpw.derived:data.w.n:mvn_lpw_l2_wn_20150225::4.0
P,urn:nasa:pds:maven.lpw.derived:data.w.n:mvn_lpw_l2_wn_20150226::4.0
P,urn:nasa:pds:maven.lpw.derived:data.w.n:mvn_lpw_l2_wn_20150227::4.0
P,urn:nasa:pds:maven.lpw.derived:data.w.n:mvn_lpw_l2_wn_20150228::4.0
P,urn:nasa:pds:maven.lpw.derived:data.w.n:mvn_lpw_l2_wn_20150301::4.0
P,urn:nasa:pds:maven.lpw.derived:data.w.n:mvn_lpw_l2_wn_20150302::4.0
P,urn:nasa:pds:maven.lpw.derived:data.w.n:mvn_lpw_l2_wn_20150303::4.0
P,urn:nasa:pds:maven.lpw.derived:data.w.n:mvn_lpw_l2_wn_20150304::4.0
P,urn:nasa:pds:maven.lpw.derived:data.w.n:mvn_lpw_l2_wn_20150305::4.0
P,urn:nasa:pds:maven.lpw.derived:data.w.n:mvn_lpw_l2_wn_20150306::4.0
P,urn:nasa:pds:maven.lpw.derived:data.w.n:mvn_lpw_l2_wn_20150307::4.0
P,urn:nasa:pds:maven.lpw.derived:data.w.n:mvn_lpw_l2_wn_20150308::4.0
P,urn:nasa:pds:maven.lpw.derived:data.w.n:mvn_lpw_l2_wn_20150309::4.0
P,urn:nasa:pds:maven.lpw.derived:data.w.n:mvn_lpw_l2_wn_20150310::4.0
P,urn:nasa:pds:maven.lpw.derived:data.w.n:mvn_lpw_l2_wn_20150311::4.0
P,urn:nasa:pds:maven.lpw.derived:data.w.n:mvn_lpw_l2_wn_20150312::4.0
P,urn:nasa:pds:maven.lpw.derived:data.w.n:mvn_lpw_l2_wn_20150313::4.0
P,urn:nasa:pds:maven.lpw.derived:data.w.n:mvn_lpw_l2_wn_20150314::4.0
P,urn:nasa:pds:maven.lpw.derived:data.w.n:mvn_lpw_l2_wn_20150315::4.0
P,urn:nasa:pds:maven.lpw.derived:data.w.n:mvn_lpw_l2_wn_20150316::4.0
P,urn:nasa:pds:maven.lpw.derived:data.w.n:mvn_lpw_l2_wn_20150317::4.0
P,urn:nasa:pds:maven.lpw.derived:data.w.n:mvn_lpw_l2_wn_20150318::4.0
P,urn:nasa:pds:maven.lpw.derived:data.w.n:mvn_lpw_l2_wn_20150319::4.0
P,urn:nasa:pds:maven.lpw.derived:data.w.n:mvn_lpw_l2_wn_20150320::4.0
P,urn:nasa:pds:maven.lpw.derived:data.w.n:mvn_lpw_l2_wn_20150321::4.0
P,urn:nasa:pds:maven.lpw.derived:data.w.n:mvn_lpw_l2_wn_20150322::4.0
P,urn:nasa:pds:maven.lpw.derived:data.w.n:mvn_lpw_l2_wn_20150323::4.0
P,urn:nasa:pds:maven.lpw.derived:data.w.n:mvn_lpw_l2_wn_20150324::4.0
P,urn:nasa:pds:maven.lpw.derived:data.w.n:mvn_lpw_l2_wn_20150325::4.0
P,urn:nasa:pds:maven.lpw.derived:data.w.n:mvn_lpw_l2_wn_20150326::4.0
P,urn:nasa:pds:maven.lpw.derived:data.w.n:mvn_lpw_l2_wn_20150327::4.0
P,urn:nasa:pds:maven.lpw.derived:data.w.n:mvn_lpw_l2_wn_20150328::4.0
P,urn:nasa:pds:maven.lpw.derived:data.w.n:mvn_lpw_l2_wn_20150329::4.0
P,urn:nasa:pds:maven.lpw.derived:data.w.n:mvn_lpw_l2_wn_20150330::4.0
P,urn:nasa:pds:maven.lpw.derived:data.w.n:mvn_lpw_l2_wn_20150331::4.0
P,urn:nasa:pds:maven.lpw.derived:data.w.n:mvn_lpw_l2_wn_20150401::4.0
P,urn:nasa:pds:maven.lpw.derived:data.w.n:mvn_lpw_l2_wn_20150402::4.0
P,urn:nasa:pds:maven.lpw.derived:data.w.n:mvn_lpw_l2_wn_20150403::4.0
P,urn:nasa:pds:maven.lpw.derived:data.w.n:mvn_lpw_l2_wn_20150414::4.0
P,urn:nasa:pds:maven.lpw.derived:data.w.n:mvn_lpw_l2_wn_20150415::4.0
P,urn:nasa:pds:maven.lpw.derived:data.w.n:mvn_lpw_l2_wn_20150416::4.0
P,urn:nasa:pds:maven.lpw.derived:data.w.n:mvn_lpw_l2_wn_20150417::4.0
P,urn:nasa:pds:maven.lpw.derived:data.w.n:mvn_lpw_l2_wn_20150418::4.0
P,urn:nasa:pds:maven.lpw.derived:data.w.n:mvn_lpw_l2_wn_20150419::4.0
P,urn:nasa:pds:maven.lpw.derived:data.w.n:mvn_lpw_l2_wn_20150420::4.0
P,urn:nasa:pds:maven.lpw.derived:data.w.n:mvn_lpw_l2_wn_20150421::4.0
P,urn:nasa:pds:maven.lpw.derived:data.w.n:mvn_lpw_l2_wn_20150422::4.0
P,urn:nasa:pds:maven.lpw.derived:data.w.n:mvn_lpw_l2_wn_20150423::4.0
P,urn:nasa:pds:maven.lpw.derived:data.w.n:mvn_lpw_l2_wn_20150424::4.0
P,urn:nasa:pds:maven.lpw.derived:data.w.n:mvn_lpw_l2_wn_20150425::4.0
P,urn:nasa:pds:maven.lpw.derived:data.w.n:mvn_lpw_l2_wn_20150426::4.0
P,urn:nasa:pds:maven.lpw.derived:data.w.n:mvn_lpw_l2_wn_20150427::4.0
P,urn:nasa:pds:maven.lpw.derived:data.w.n:mvn_lpw_l2_wn_20150428::4.0
P,urn:nasa:pds:maven.lpw.derived:data.w.n:mvn_lpw_l2_wn_20150429::4.0
P,urn:nasa:pds:maven.lpw.derived:data.w.n:mvn_lpw_l2_wn_20150430::4.0
P,urn:nasa:pds:maven.lpw.derived:data.w.n:mvn_lpw_l2_wn_20150501::4.0
P,urn:nasa:pds:maven.lpw.derived:data.w.n:mvn_lpw_l2_wn_20150502::4.0
P,urn:nasa:pds:maven.lpw.derived:data.w.n:mvn_lpw_l2_wn_20150503::4.0
P,urn:nasa:pds:maven.lpw.derived:data.w.n:mvn_lpw_l2_wn_20150504::4.0
P,urn:nasa:pds:maven.lpw.derived:data.w.n:mvn_lpw_l2_wn_20150505::4.0
P,urn:nasa:pds:maven.lpw.derived:data.w.n:mvn_lpw_l2_wn_20150506::4.0
P,urn:nasa:pds:maven.lpw.derived:data.w.n:mvn_lpw_l2_wn_20150507::4.0
P,urn:nasa:pds:maven.lpw.derived:data.w.n:mvn_lpw_l2_wn_20150508::4.0
P,urn:nasa:pds:maven.lpw.derived:data.w.n:mvn_lpw_l2_wn_20150509::4.0
P,urn:nasa:pds:maven.lpw.derived:data.w.n:mvn_lpw_l2_wn_20150510::4.0
P,urn:nasa:pds:maven.lpw.derived:data.w.n:mvn_lpw_l2_wn_20150511::4.0
P,urn:nasa:pds:maven.lpw.derived:data.w.n:mvn_lpw_l2_wn_20150512::4.0
P,urn:nasa:pds:maven.lpw.derived:data.w.n:mvn_lpw_l2_wn_20150513::4.0
P,urn:nasa:pds:maven.lpw.derived:data.w.n:mvn_lpw_l2_wn_20150514::4.0
P,urn:nasa:pds:maven.lpw.derived:data.w.n:mvn_lpw_l2_wn_20150515::4.0
P,urn:nasa:pds:maven.lpw.derived:data.w.n:mvn_lpw_l2_wn_20150516::4.0
P,urn:nasa:pds:maven.lpw.derived:data.w.n:mvn_lpw_l2_wn_20150517::4.0
P,urn:nasa:pds:maven.lpw.derived:data.w.n:mvn_lpw_l2_wn_20150518::4.0
P,urn:nasa:pds:maven.lpw.derived:data.w.n:mvn_lpw_l2_wn_20150519::4.0
P,urn:nasa:pds:maven.lpw.derived:data.w.n:mvn_lpw_l2_wn_20150520::4.0
P,urn:nasa:pds:maven.lpw.derived:data.w.n:mvn_lpw_l2_wn_20150521::4.0
P,urn:nasa:pds:maven.lpw.derived:data.w.n:mvn_lpw_l2_wn_20150522::4.0
P,urn:nasa:pds:maven.lpw.derived:data.w.n:mvn_lpw_l2_wn_20150523::4.0
P,urn:nasa:pds:maven.lpw.derived:data.w.n:mvn_lpw_l2_wn_20150524::4.0
P,urn:nasa:pds:maven.lpw.derived:data.w.n:mvn_lpw_l2_wn_20150525::4.0
P,urn:nasa:pds:maven.lpw.derived:data.w.n:mvn_lpw_l2_wn_20150526::4.0
P,urn:nasa:pds:maven.lpw.derived:data.w.n:mvn_lpw_l2_wn_20150527::4.0
P,urn:nasa:pds:maven.lpw.derived:data.w.n:mvn_lpw_l2_wn_20150528::4.0
P,urn:nasa:pds:maven.lpw.derived:data.w.n:mvn_lpw_l2_wn_20150529::4.0
P,urn:nasa:pds:maven.lpw.derived:data.w.n:mvn_lpw_l2_wn_20150530::4.0
P,urn:nasa:pds:maven.lpw.derived:data.w.n:mvn_lpw_l2_wn_20150531::4.0
P,urn:nasa:pds:maven.lpw.derived:data.w.n:mvn_lpw_l2_wn_20150601::4.0
P,urn:nasa:pds:maven.lpw.derived:data.w.n:mvn_lpw_l2_wn_20150602::4.0
P,urn:nasa:pds:maven.lpw.derived:data.w.n:mvn_lpw_l2_wn_20150603::4.0
P,urn:nasa:pds:maven.lpw.derived:data.w.n:mvn_lpw_l2_wn_20150604::4.0
P,urn:nasa:pds:maven.lpw.derived:data.w.n:mvn_lpw_l2_wn_20150605::4.0
P,urn:nasa:pds:maven.lpw.derived:data.w.n:mvn_lpw_l2_wn_20150606::4.0
P,urn:nasa:pds:maven.lpw.derived:data.w.n:mvn_lpw_l2_wn_20150607::4.0
P,urn:nasa:pds:maven.lpw.derived:data.w.n:mvn_lpw_l2_wn_20150608::4.0
P,urn:nasa:pds:maven.lpw.derived:data.w.n:mvn_lpw_l2_wn_20150609::4.0
P,urn:nasa:pds:maven.lpw.derived:data.w.n:mvn_lpw_l2_wn_20150610::4.0
P,urn:nasa:pds:maven.lpw.derived:data.w.n:mvn_lpw_l2_wn_20150611::4.0
P,urn:nasa:pds:maven.lpw.derived:data.w.n:mvn_lpw_l2_wn_20150612::4.0
P,urn:nasa:pds:maven.lpw.derived:data.w.n:mvn_lpw_l2_wn_20150613::4.0
P,urn:nasa:pds:maven.lpw.derived:data.w.n:mvn_lpw_l2_wn_20150614::4.0
P,urn:nasa:pds:maven.lpw.derived:data.w.n:mvn_lpw_l2_wn_20150615::4.0
P,urn:nasa:pds:maven.lpw.derived:data.w.n:mvn_lpw_l2_wn_20150616::4.0
P,urn:nasa:pds:maven.lpw.derived:data.w.n:mvn_lpw_l2_wn_20150617::4.0
P,urn:nasa:pds:maven.lpw.derived:data.w.n:mvn_lpw_l2_wn_20150618::4.0
P,urn:nasa:pds:maven.lpw.derived:data.w.n:mvn_lpw_l2_wn_20150619::4.0
P,urn:nasa:pds:maven.lpw.derived:data.w.n:mvn_lpw_l2_wn_20150620::4.0
P,urn:nasa:pds:maven.lpw.derived:data.w.n:mvn_lpw_l2_wn_20150621::4.0
P,urn:nasa:pds:maven.lpw.derived:data.w.n:mvn_lpw_l2_wn_20150622::4.0
P,urn:nasa:pds:maven.lpw.derived:data.w.n:mvn_lpw_l2_wn_20150623::4.0
P,urn:nasa:pds:maven.lpw.derived:data.w.n:mvn_lpw_l2_wn_20150624::4.0
P,urn:nasa:pds:maven.lpw.derived:data.w.n:mvn_lpw_l2_wn_20150625::4.0
P,urn:nasa:pds:maven.lpw.derived:data.w.n:mvn_lpw_l2_wn_20150626::4.0
P,urn:nasa:pds:maven.lpw.derived:data.w.n:mvn_lpw_l2_wn_20150627::4.0
P,urn:nasa:pds:maven.lpw.derived:data.w.n:mvn_lpw_l2_wn_20150628::4.0
P,urn:nasa:pds:maven.lpw.derived:data.w.n:mvn_lpw_l2_wn_20150629::4.0
P,urn:nasa:pds:maven.lpw.derived:data.w.n:mvn_lpw_l2_wn_20150701::4.0
P,urn:nasa:pds:maven.lpw.derived:data.w.n:mvn_lpw_l2_wn_20150702::4.0
P,urn:nasa:pds:maven.lpw.derived:data.w.n:mvn_lpw_l2_wn_20150703::4.0
P,urn:nasa:pds:maven.lpw.derived:data.w.n:mvn_lpw_l2_wn_20150704::4.0
P,urn:nasa:pds:maven.lpw.derived:data.w.n:mvn_lpw_l2_wn_20150705::4.0
P,urn:nasa:pds:maven.lpw.derived:data.w.n:mvn_lpw_l2_wn_20150706::4.0
P,urn:nasa:pds:maven.lpw.derived:data.w.n:mvn_lpw_l2_wn_20150707::4.0
P,urn:nasa:pds:maven.lpw.derived:data.w.n:mvn_lpw_l2_wn_20150708::4.0
P,urn:nasa:pds:maven.lpw.derived:data.w.n:mvn_lpw_l2_wn_20150709::4.0
P,urn:nasa:pds:maven.lpw.derived:data.w.n:mvn_lpw_l2_wn_20150710::4.0
P,urn:nasa:pds:maven.lpw.derived:data.w.n:mvn_lpw_l2_wn_20150711::4.0
P,urn:nasa:pds:maven.lpw.derived:data.w.n:mvn_lpw_l2_wn_20150712::4.0
P,urn:nasa:pds:maven.lpw.derived:data.w.n:mvn_lpw_l2_wn_20150713::4.0
P,urn:nasa:pds:maven.lpw.derived:data.w.n:mvn_lpw_l2_wn_20150714::4.0
P,urn:nasa:pds:maven.lpw.derived:data.w.n:mvn_lpw_l2_wn_20150715::4.0
P,urn:nasa:pds:maven.lpw.derived:data.w.n:mvn_lpw_l2_wn_20150716::4.0
P,urn:nasa:pds:maven.lpw.derived:data.w.n:mvn_lpw_l2_wn_20150717::4.0
P,urn:nasa:pds:maven.lpw.derived:data.w.n:mvn_lpw_l2_wn_20150718::4.0
P,urn:nasa:pds:maven.lpw.derived:data.w.n:mvn_lpw_l2_wn_20150719::4.0
P,urn:nasa:pds:maven.lpw.derived:data.w.n:mvn_lpw_l2_wn_20150720::4.0
P,urn:nasa:pds:maven.lpw.derived:data.w.n:mvn_lpw_l2_wn_20150721::4.0
P,urn:nasa:pds:maven.lpw.derived:data.w.n:mvn_lpw_l2_wn_20150722::4.0
P,urn:nasa:pds:maven.lpw.derived:data.w.n:mvn_lpw_l2_wn_20150723::4.0
P,urn:nasa:pds:maven.lpw.derived:data.w.n:mvn_lpw_l2_wn_20150724::4.0
P,urn:nasa:pds:maven.lpw.derived:data.w.n:mvn_lpw_l2_wn_20150725::4.0
P,urn:nasa:pds:maven.lpw.derived:data.w.n:mvn_lpw_l2_wn_20150726::4.0
P,urn:nasa:pds:maven.lpw.derived:data.w.n:mvn_lpw_l2_wn_20150727::4.0
P,urn:nasa:pds:maven.lpw.derived:data.w.n:mvn_lpw_l2_wn_20150728::4.0
P,urn:nasa:pds:maven.lpw.derived:data.w.n:mvn_lpw_l2_wn_20150729::4.0
P,urn:nasa:pds:maven.lpw.derived:data.w.n:mvn_lpw_l2_wn_20150730::4.0
P,urn:nasa:pds:maven.lpw.derived:data.w.n:mvn_lpw_l2_wn_20150731::4.0
P,urn:nasa:pds:maven.lpw.derived:data.w.n:mvn_lpw_l2_wn_20150801::4.0
P,urn:nasa:pds:maven.lpw.derived:data.w.n:mvn_lpw_l2_wn_20150802::4.0
P,urn:nasa:pds:maven.lpw.derived:data.w.n:mvn_lpw_l2_wn_20150803::4.0
P,urn:nasa:pds:maven.lpw.derived:data.w.n:mvn_lpw_l2_wn_20150804::4.0
P,urn:nasa:pds:maven.lpw.derived:data.w.n:mvn_lpw_l2_wn_20150805::4.0
P,urn:nasa:pds:maven.lpw.derived:data.w.n:mvn_lpw_l2_wn_20150806::4.0
P,urn:nasa:pds:maven.lpw.derived:data.w.n:mvn_lpw_l2_wn_20150807::4.0
P,urn:nasa:pds:maven.lpw.derived:data.w.n:mvn_lpw_l2_wn_20150808::4.0
P,urn:nasa:pds:maven.lpw.derived:data.w.n:mvn_lpw_l2_wn_20150809::4.0
P,urn:nasa:pds:maven.lpw.derived:data.w.n:mvn_lpw_l2_wn_20150810::4.0
P,urn:nasa:pds:maven.lpw.derived:data.w.n:mvn_lpw_l2_wn_20150811::4.0
P,urn:nasa:pds:maven.lpw.derived:data.w.n:mvn_lpw_l2_wn_20150812::4.0
P,urn:nasa:pds:maven.lpw.derived:data.w.n:mvn_lpw_l2_wn_20150813::4.0
P,urn:nasa:pds:maven.lpw.derived:data.w.n:mvn_lpw_l2_wn_20150814::4.0
P,urn:nasa:pds:maven.lpw.derived:data.w.n:mvn_lpw_l2_wn_20150815::4.0
P,urn:nasa:pds:maven.lpw.derived:data.w.n:mvn_lpw_l2_wn_20150816::4.0
P,urn:nasa:pds:maven.lpw.derived:data.w.n:mvn_lpw_l2_wn_20150817::4.0
P,urn:nasa:pds:maven.lpw.derived:data.w.n:mvn_lpw_l2_wn_20150818::4.0
P,urn:nasa:pds:maven.lpw.derived:data.w.n:mvn_lpw_l2_wn_20150819::4.0
P,urn:nasa:pds:maven.lpw.derived:data.w.n:mvn_lpw_l2_wn_20150820::4.0
P,urn:nasa:pds:maven.lpw.derived:data.w.n:mvn_lpw_l2_wn_20150821::4.0
P,urn:nasa:pds:maven.lpw.derived:data.w.n:mvn_lpw_l2_wn_20150822::4.0
P,urn:nasa:pds:maven.lpw.derived:data.w.n:mvn_lpw_l2_wn_20150823::4.0
P,urn:nasa:pds:maven.lpw.derived:data.w.n:mvn_lpw_l2_wn_20150824::4.0
P,urn:nasa:pds:maven.lpw.derived:data.w.n:mvn_lpw_l2_wn_20150825::4.0
P,urn:nasa:pds:maven.lpw.derived:data.w.n:mvn_lpw_l2_wn_20150826::4.0
P,urn:nasa:pds:maven.lpw.derived:data.w.n:mvn_lpw_l2_wn_20150827::4.0
P,urn:nasa:pds:maven.lpw.derived:data.w.n:mvn_lpw_l2_wn_20150828::4.0
P,urn:nasa:pds:maven.lpw.derived:data.w.n:mvn_lpw_l2_wn_20150829::4.0
P,urn:nasa:pds:maven.lpw.derived:data.w.n:mvn_lpw_l2_wn_20150830::4.0
P,urn:nasa:pds:maven.lpw.derived:data.w.n:mvn_lpw_l2_wn_20150831::4.0
P,urn:nasa:pds:maven.lpw.derived:data.w.n:mvn_lpw_l2_wn_20150901::4.0
P,urn:nasa:pds:maven.lpw.derived:data.w.n:mvn_lpw_l2_wn_20150902::4.0
P,urn:nasa:pds:maven.lpw.derived:data.w.n:mvn_lpw_l2_wn_20150903::4.0
P,urn:nasa:pds:maven.lpw.derived:data.w.n:mvn_lpw_l2_wn_20150904::4.0
P,urn:nasa:pds:maven.lpw.derived:data.w.n:mvn_lpw_l2_wn_20150905::4.0
P,urn:nasa:pds:maven.lpw.derived:data.w.n:mvn_lpw_l2_wn_20150906::4.0
P,urn:nasa:pds:maven.lpw.derived:data.w.n:mvn_lpw_l2_wn_20150907::4.0
P,urn:nasa:pds:maven.lpw.derived:data.w.n:mvn_lpw_l2_wn_20150908::4.0
P,urn:nasa:pds:maven.lpw.derived:data.w.n:mvn_lpw_l2_wn_20150909::4.0
P,urn:nasa:pds:maven.lpw.derived:data.w.n:mvn_lpw_l2_wn_20150910::4.0
P,urn:nasa:pds:maven.lpw.derived:data.w.n:mvn_lpw_l2_wn_20150911::4.0
P,urn:nasa:pds:maven.lpw.derived:data.w.n:mvn_lpw_l2_wn_20150912::4.0
P,urn:nasa:pds:maven.lpw.derived:data.w.n:mvn_lpw_l2_wn_20150913::4.0
P,urn:nasa:pds:maven.lpw.derived:data.w.n:mvn_lpw_l2_wn_20150914::4.0
P,urn:nasa:pds:maven.lpw.derived:data.w.n:mvn_lpw_l2_wn_20150915::4.0
P,urn:nasa:pds:maven.lpw.derived:data.w.n:mvn_lpw_l2_wn_20150916::4.0
P,urn:nasa:pds:maven.lpw.derived:data.w.n:mvn_lpw_l2_wn_20150917::4.0
P,urn:nasa:pds:maven.lpw.derived:data.w.n:mvn_lpw_l2_wn_20150918::4.0
P,urn:nasa:pds:maven.lpw.derived:data.w.n:mvn_lpw_l2_wn_20150919::4.0
P,urn:nasa:pds:maven.lpw.derived:data.w.n:mvn_lpw_l2_wn_20150920::4.0
P,urn:nasa:pds:maven.lpw.derived:data.w.n:mvn_lpw_l2_wn_20150921::4.0
P,urn:nasa:pds:maven.lpw.derived:data.w.n:mvn_lpw_l2_wn_20150922::4.0
P,urn:nasa:pds:maven.lpw.derived:data.w.n:mvn_lpw_l2_wn_20150923::4.0
P,urn:nasa:pds:maven.lpw.derived:data.w.n:mvn_lpw_l2_wn_20150924::4.0
P,urn:nasa:pds:maven.lpw.derived:data.w.n:mvn_lpw_l2_wn_20150925::4.0
P,urn:nasa:pds:maven.lpw.derived:data.w.n:mvn_lpw_l2_wn_20150926::4.0
P,urn:nasa:pds:maven.lpw.derived:data.w.n:mvn_lpw_l2_wn_20150927::4.0
P,urn:nasa:pds:maven.lpw.derived:data.w.n:mvn_lpw_l2_wn_20150928::4.0
P,urn:nasa:pds:maven.lpw.derived:data.w.n:mvn_lpw_l2_wn_20150929::4.0
P,urn:nasa:pds:maven.lpw.derived:data.w.n:mvn_lpw_l2_wn_20150930::4.0
P,urn:nasa:pds:maven.lpw.derived:data.w.n:mvn_lpw_l2_wn_20151001::4.0
P,urn:nasa:pds:maven.lpw.derived:data.w.n:mvn_lpw_l2_wn_20151002::4.0
P,urn:nasa:pds:maven.lpw.derived:data.w.n:mvn_lpw_l2_wn_20151003::4.0
P,urn:nasa:pds:maven.lpw.derived:data.w.n:mvn_lpw_l2_wn_20151004::4.0
P,urn:nasa:pds:maven.lpw.derived:data.w.n:mvn_lpw_l2_wn_20151005::4.0
P,urn:nasa:pds:maven.lpw.derived:data.w.n:mvn_lpw_l2_wn_20151006::4.0
P,urn:nasa:pds:maven.lpw.derived:data.w.n:mvn_lpw_l2_wn_20151007::4.0
P,urn:nasa:pds:maven.lpw.derived:data.w.n:mvn_lpw_l2_wn_20151008::4.0
P,urn:nasa:pds:maven.lpw.derived:data.w.n:mvn_lpw_l2_wn_20151009::4.0
P,urn:nasa:pds:maven.lpw.derived:data.w.n:mvn_lpw_l2_wn_20151010::4.0
P,urn:nasa:pds:maven.lpw.derived:data.w.n:mvn_lpw_l2_wn_20151011::4.0
P,urn:nasa:pds:maven.lpw.derived:data.w.n:mvn_lpw_l2_wn_20151012::4.0
P,urn:nasa:pds:maven.lpw.derived:data.w.n:mvn_lpw_l2_wn_20151013::4.0
P,urn:nasa:pds:maven.lpw.derived:data.w.n:mvn_lpw_l2_wn_20151014::4.0
P,urn:nasa:pds:maven.lpw.derived:data.w.n:mvn_lpw_l2_wn_20151015::4.0
P,urn:nasa:pds:maven.lpw.derived:data.w.n:mvn_lpw_l2_wn_20151016::4.0
P,urn:nasa:pds:maven.lpw.derived:data.w.n:mvn_lpw_l2_wn_20151017::4.0
P,urn:nasa:pds:maven.lpw.derived:data.w.n:mvn_lpw_l2_wn_20151018::4.0
P,urn:nasa:pds:maven.lpw.derived:data.w.n:mvn_lpw_l2_wn_20151019::4.0
P,urn:nasa:pds:maven.lpw.derived:data.w.n:mvn_lpw_l2_wn_20151020::4.0
P,urn:nasa:pds:maven.lpw.derived:data.w.n:mvn_lpw_l2_wn_20151021::4.0
P,urn:nasa:pds:maven.lpw.derived:data.w.n:mvn_lpw_l2_wn_20151022::4.0
P,urn:nasa:pds:maven.lpw.derived:data.w.n:mvn_lpw_l2_wn_20151023::4.0
P,urn:nasa:pds:maven.lpw.derived:data.w.n:mvn_lpw_l2_wn_20151024::4.0
P,urn:nasa:pds:maven.lpw.derived:data.w.n:mvn_lpw_l2_wn_20151025::4.0
P,urn:nasa:pds:maven.lpw.derived:data.w.n:mvn_lpw_l2_wn_20151026::4.0
P,urn:nasa:pds:maven.lpw.derived:data.w.n:mvn_lpw_l2_wn_20151027::4.0
P,urn:nasa:pds:maven.lpw.derived:data.w.n:mvn_lpw_l2_wn_20151028::4.0
P,urn:nasa:pds:maven.lpw.derived:data.w.n:mvn_lpw_l2_wn_20151029::4.0
P,urn:nasa:pds:maven.lpw.derived:data.w.n:mvn_lpw_l2_wn_20151030::4.0
P,urn:nasa:pds:maven.lpw.derived:data.w.n:mvn_lpw_l2_wn_20151031::4.0
P,urn:nasa:pds:maven.lpw.derived:data.w.n:mvn_lpw_l2_wn_20151101::4.0
P,urn:nasa:pds:maven.lpw.derived:data.w.n:mvn_lpw_l2_wn_20151102::4.0
P,urn:nasa:pds:maven.lpw.derived:data.w.n:mvn_lpw_l2_wn_20151103::4.0
P,urn:nasa:pds:maven.lpw.derived:data.w.n:mvn_lpw_l2_wn_20151104::4.0
P,urn:nasa:pds:maven.lpw.derived:data.w.n:mvn_lpw_l2_wn_20151105::4.0
P,urn:nasa:pds:maven.lpw.derived:data.w.n:mvn_lpw_l2_wn_20151106::4.0
P,urn:nasa:pds:maven.lpw.derived:data.w.n:mvn_lpw_l2_wn_20151107::4.0
P,urn:nasa:pds:maven.lpw.derived:data.w.n:mvn_lpw_l2_wn_20151108::4.0
P,urn:nasa:pds:maven.lpw.derived:data.w.n:mvn_lpw_l2_wn_20151109::4.0
P,urn:nasa:pds:maven.lpw.derived:data.w.n:mvn_lpw_l2_wn_20151110::4.0
P,urn:nasa:pds:maven.lpw.derived:data.w.n:mvn_lpw_l2_wn_20151111::4.0
P,urn:nasa:pds:maven.lpw.derived:data.w.n:mvn_lpw_l2_wn_20151112::4.0
P,urn:nasa:pds:maven.lpw.derived:data.w.n:mvn_lpw_l2_wn_20151113::4.0
P,urn:nasa:pds:maven.lpw.derived:data.w.n:mvn_lpw_l2_wn_20151114::4.0
P,urn:nasa:pds:maven.lpw.derived:data.w.n:mvn_lpw_l2_wn_20151115::4.0
P,urn:nasa:pds:maven.lpw.derived:data.w.n:mvn_lpw_l2_wn_20151116::4.0
P,urn:nasa:pds:maven.lpw.derived:data.w.n:mvn_lpw_l2_wn_20151117::4.0
P,urn:nasa:pds:maven.lpw.derived:data.w.n:mvn_lpw_l2_wn_20151118::4.0
P,urn:nasa:pds:maven.lpw.derived:data.w.n:mvn_lpw_l2_wn_20151119::4.0
P,urn:nasa:pds:maven.lpw.derived:data.w.n:mvn_lpw_l2_wn_20151120::4.0
P,urn:nasa:pds:maven.lpw.derived:data.w.n:mvn_lpw_l2_wn_20151121::4.0
P,urn:nasa:pds:maven.lpw.derived:data.w.n:mvn_lpw_l2_wn_20151122::4.0
P,urn:nasa:pds:maven.lpw.derived:data.w.n:mvn_lpw_l2_wn_20151123::4.0
P,urn:nasa:pds:maven.lpw.derived:data.w.n:mvn_lpw_l2_wn_20151124::4.0
P,urn:nasa:pds:maven.lpw.derived:data.w.n:mvn_lpw_l2_wn_20151125::4.0
P,urn:nasa:pds:maven.lpw.derived:data.w.n:mvn_lpw_l2_wn_20151126::4.0
P,urn:nasa:pds:maven.lpw.derived:data.w.n:mvn_lpw_l2_wn_20151127::4.0
P,urn:nasa:pds:maven.lpw.derived:data.w.n:mvn_lpw_l2_wn_20151128::4.0
P,urn:nasa:pds:maven.lpw.derived:data.w.n:mvn_lpw_l2_wn_20151129::4.0
P,urn:nasa:pds:maven.lpw.derived:data.w.n:mvn_lpw_l2_wn_20151130::4.0
P,urn:nasa:pds:maven.lpw.derived:data.w.n:mvn_lpw_l2_wn_20151201::4.0
P,urn:nasa:pds:maven.lpw.derived:data.w.n:mvn_lpw_l2_wn_20151202::4.0
P,urn:nasa:pds:maven.lpw.derived:data.w.n:mvn_lpw_l2_wn_20151203::4.0
P,urn:nasa:pds:maven.lpw.derived:data.w.n:mvn_lpw_l2_wn_20151204::4.0
P,urn:nasa:pds:maven.lpw.derived:data.w.n:mvn_lpw_l2_wn_20151205::4.0
P,urn:nasa:pds:maven.lpw.derived:data.w.n:mvn_lpw_l2_wn_20151206::4.0
P,urn:nasa:pds:maven.lpw.derived:data.w.n:mvn_lpw_l2_wn_20151207::4.0
P,urn:nasa:pds:maven.lpw.derived:data.w.n:mvn_lpw_l2_wn_20151208::4.0
P,urn:nasa:pds:maven.lpw.derived:data.w.n:mvn_lpw_l2_wn_20151209::4.0
P,urn:nasa:pds:maven.lpw.derived:data.w.n:mvn_lpw_l2_wn_20151223::4.0
P,urn:nasa:pds:maven.lpw.derived:data.w.n:mvn_lpw_l2_wn_20160202::4.0
P,urn:nasa:pds:maven.lpw.derived:data.w.n:mvn_lpw_l2_wn_20160322::4.0
P,urn:nasa:pds:maven.lpw.derived:data.w.n:mvn_lpw_l2_wn_20160323::4.0
P,urn:nasa:pds:maven.lpw.derived:data.w.n:mvn_lpw_l2_wn_20160415::4.0
P,urn:nasa:pds:maven.lpw.derived:data.w.n:mvn_lpw_l2_wn_20160419::4.0
P,urn:nasa:pds:maven.lpw.derived:data.w.n:mvn_lpw_l2_wn_20160529::4.0
P,urn:nasa:pds:maven.lpw.derived:data.w.n:mvn_lpw_l2_wn_20160622::3.0
P,urn:nasa:pds:maven.lpw.derived:data.w.n:mvn_lpw_l2_wn_20160721::3.0
P,urn:nasa:pds:maven.lpw.derived:data.w.n:mvn_lpw_l2_wn_20160804::3.0
P,urn:nasa:pds:maven.lpw.derived:data.w.n:mvn_lpw_l2_wn_20160917::3.0
P,urn:nasa:pds:maven.lpw.derived:data.w.n:mvn_lpw_l2_wn_20161005::3.0
P,urn:nasa:pds:maven.lpw.derived:data.w.n:mvn_lpw_l2_wn_20161101::3.0
P,urn:nasa:pds:maven.lpw.derived:data.w.n:mvn_lpw_l2_wn_20161102::3.0
P,urn:nasa:pds:maven.lpw.derived:data.w.n:mvn_lpw_l2_wn_20161103::3.0
P,urn:nasa:pds:maven.lpw.derived:data.w.n:mvn_lpw_l2_wn_20161201::3.0
P,urn:nasa:pds:maven.lpw.derived:data.w.n:mvn_lpw_l2_wn_20170201::3.0
P,urn:nasa:pds:maven.lpw.derived:data.w.n:mvn_lpw_l2_wn_20170208::3.0
P,urn:nasa:pds:maven.lpw.derived:data.w.n:mvn_lpw_l2_wn_20170228::3.0
P,urn:nasa:pds:maven.lpw.derived:data.w.n:mvn_lpw_l2_wn_20170322::3.0
P,urn:nasa:pds:maven.lpw.derived:data.w.n:mvn_lpw_l2_wn_20170401::3.0
P,urn:nasa:pds:maven.lpw.derived:data.w.n:mvn_lpw_l2_wn_20170406::3.0
P,urn:nasa:pds:maven.lpw.derived:data.w.n:mvn_lpw_l2_wn_20170421::3.0
P,urn:nasa:pds:maven.lpw.derived:data.w.n:mvn_lpw_l2_wn_20170501::3.0
P,urn:nasa:pds:maven.lpw.derived:data.w.n:mvn_lpw_l2_wn_20170504::3.0
P,urn:nasa:pds:maven.lpw.derived:data.w.n:mvn_lpw_l2_wn_20170518::3.0
P,urn:nasa:pds:maven.lpw.derived:data.w.n:mvn_lpw_l2_wn_20170601::3.0
P,urn:nasa:pds:maven.lpw.derived:data.w.n:mvn_lpw_l2_wn_20170602::3.0
P,urn:nasa:pds:maven.lpw.derived:data.w.n:mvn_lpw_l2_wn_20170616::3.0
P,urn:nasa:pds:maven.lpw.derived:data.w.n:mvn_lpw_l2_wn_20170629::3.0
P,urn:nasa:pds:maven.lpw.derived:data.w.n:mvn_lpw_l2_wn_20170701::3.0
P,urn:nasa:pds:maven.lpw.derived:data.w.n:mvn_lpw_l2_wn_20170713::3.0
P,urn:nasa:pds:maven.lpw.derived:data.w.n:mvn_lpw_l2_wn_20170809::3.0
P,urn:nasa:pds:maven.lpw.derived:data.w.n:mvn_lpw_l2_wn_20170810::3.0
P,urn:nasa:pds:maven.lpw.derived:data.w.n:mvn_lpw_l2_wn_20170825::2.0
P,urn:nasa:pds:maven.lpw.derived:data.w.n:mvn_lpw_l2_wn_20170831::2.0
P,urn:nasa:pds:maven.lpw.derived:data.w.n:mvn_lpw_l2_wn_20170901::2.0
P,urn:nasa:pds:maven.lpw.derived:data.w.n:mvn_lpw_l2_wn_20170915::2.0
P,urn:nasa:pds:maven.lpw.derived:data.w.n:mvn_lpw_l2_wn_20170928::2.0
P,urn:nasa:pds:maven.lpw.derived:data.w.n:mvn_lpw_l2_wn_20171001::2.0
P,urn:nasa:pds:maven.lpw.derived:data.w.n:mvn_lpw_l2_wn_20171012::2.0
P,urn:nasa:pds:maven.lpw.derived:data.w.n:mvn_lpw_l2_wn_20171017::2.0
P,urn:nasa:pds:maven.lpw.derived:data.w.n:mvn_lpw_l2_wn_20171026::2.0
P,urn:nasa:pds:maven.lpw.derived:data.w.n:mvn_lpw_l2_wn_20171101::2.0
P,urn:nasa:pds:maven.lpw.derived:data.w.n:mvn_lpw_l2_wn_20171110::2.0
P,urn:nasa:pds:maven.lpw.derived:data.w.n:mvn_lpw_l2_wn_20171124::2.0
P,urn:nasa:pds:maven.lpw.derived:data.w.n:mvn_lpw_l2_wn_20171201::2.0
P,urn:nasa:pds:maven.lpw.derived:data.w.n:mvn_lpw_l2_wn_20171209::2.0
P,urn:nasa:pds:maven.lpw.derived:data.w.n:mvn_lpw_l2_wn_20171220::2.0
P,urn:nasa:pds:maven.lpw.derived:data.w.n:mvn_lpw_l2_wn_20180101::2.0
P,urn:nasa:pds:maven.lpw.derived:data.w.n:mvn_lpw_l2_wn_20180104::2.0
P,urn:nasa:pds:maven.lpw.derived:data.w.n:mvn_lpw_l2_wn_20180118::2.0
P,urn:nasa:pds:maven.lpw.derived:data.w.n:mvn_lpw_l2_wn_20180201::2.0
P,urn:nasa:pds:maven.lpw.derived:data.w.n:mvn_lpw_l2_wn_20180215::2.0
P,urn:nasa:pds:maven.lpw.derived:data.w.n:mvn_lpw_l2_wn_20180301::2.0
P,urn:nasa:pds:maven.lpw.derived:data.w.n:mvn_lpw_l2_wn_20180307::2.0
P,urn:nasa:pds:maven.lpw.derived:data.w.n:mvn_lpw_l2_wn_20180315::2.0
P,urn:nasa:pds:maven.lpw.derived:data.w.n:mvn_lpw_l2_wn_20180316::2.0
P,urn:nasa:pds:maven.lpw.derived:data.w.n:mvn_lpw_l2_wn_20180329::2.0
P,urn:nasa:pds:maven.lpw.derived:data.w.n:mvn_lpw_l2_wn_20180401::2.0
P,urn:nasa:pds:maven.lpw.derived:data.w.n:mvn_lpw_l2_wn_20180413::2.0
P,urn:nasa:pds:maven.lpw.derived:data.w.n:mvn_lpw_l2_wn_20180503::2.0
P,urn:nasa:pds:maven.lpw.derived:data.w.n:mvn_lpw_l2_wn_20180504::2.0
P,urn:nasa:pds:maven.lpw.derived:data.w.n:mvn_lpw_l2_wn_20180510::2.0
P,urn:nasa:pds:maven.lpw.derived:data.w.n:mvn_lpw_l2_wn_20180525::2.0
P,urn:nasa:pds:maven.lpw.derived:data.w.n:mvn_lpw_l2_wn_20180531::2.0
P,urn:nasa:pds:maven.lpw.derived:data.w.n:mvn_lpw_l2_wn_20180607::2.0
P,urn:nasa:pds:maven.lpw.derived:data.w.n:mvn_lpw_l2_wn_20180621::2.0
P,urn:nasa:pds:maven.lpw.derived:data.w.n:mvn_lpw_l2_wn_20180627::2.0
P,urn:nasa:pds:maven.lpw.derived:data.w.n:mvn_lpw_l2_wn_20180701::2.0
P,urn:nasa:pds:maven.lpw.derived:data.w.n:mvn_lpw_l2_wn_20180705::2.0
P,urn:nasa:pds:maven.lpw.derived:data.w.n:mvn_lpw_l2_wn_20180713::2.0
P,urn:nasa:pds:maven.lpw.derived:data.w.n:mvn_lpw_l2_wn_20180719::2.0
P,urn:nasa:pds:maven.lpw.derived:data.w.n:mvn_lpw_l2_wn_20180727::2.0
P,urn:nasa:pds:maven.lpw.derived:data.w.n:mvn_lpw_l2_wn_20180802::2.0
P,urn:nasa:pds:maven.lpw.derived:data.w.n:mvn_lpw_l2_wn_20180809::2.0
P,urn:nasa:pds:maven.lpw.derived:data.w.n:mvn_lpw_l2_wn_20180817::2.0
P,urn:nasa:pds:maven.lpw.derived:data.w.n:mvn_lpw_l2_wn_20180823::2.0
P,urn:nasa:pds:maven.lpw.derived:data.w.n:mvn_lpw_l2_wn_20180828::2.0
P,urn:nasa:pds:maven.lpw.derived:data.w.n:mvn_lpw_l2_wn_20180830::2.0
P,urn:nasa:pds:maven.lpw.derived:data.w.n:mvn_lpw_l2_wn_20180906::2.0
P,urn:nasa:pds:maven.lpw.derived:data.w.n:mvn_lpw_l2_wn_20180915::2.0
P,urn:nasa:pds:maven.lpw.derived:data.w.n:mvn_lpw_l2_wn_20180919::2.0
P,urn:nasa:pds:maven.lpw.derived:data.w.n:mvn_lpw_l2_wn_20180920::2.0
P,urn:nasa:pds:maven.lpw.derived:data.w.n:mvn_lpw_l2_wn_20180927::2.0
P,urn:nasa:pds:maven.lpw.derived:data.w.n:mvn_lpw_l2_wn_20181001::2.0
P,urn:nasa:pds:maven.lpw.derived:data.w.n:mvn_lpw_l2_wn_20181003::2.0
P,urn:nasa:pds:maven.lpw.derived:data.w.n:mvn_lpw_l2_wn_20181004::2.0
P,urn:nasa:pds:maven.lpw.derived:data.w.n:mvn_lpw_l2_wn_20181011::2.0
P,urn:nasa:pds:maven.lpw.derived:data.w.n:mvn_lpw_l2_wn_20181017::2.0
P,urn:nasa:pds:maven.lpw.derived:data.w.n:mvn_lpw_l2_wn_20181018::2.0
P,urn:nasa:pds:maven.lpw.derived:data.w.n:mvn_lpw_l2_wn_20181025::2.0
P,urn:nasa:pds:maven.lpw.derived:data.w.n:mvn_lpw_l2_wn_20181031::2.0
P,urn:nasa:pds:maven.lpw.derived:data.w.n:mvn_lpw_l2_wn_20181101::2.0
P,urn:nasa:pds:maven.lpw.derived:data.w.n:mvn_lpw_l2_wn_20181107::2.0
P,urn:nasa:pds:maven.lpw.derived:data.w.n:mvn_lpw_l2_wn_20181108::2.0
P,urn:nasa:pds:maven.lpw.derived:data.w.n:mvn_lpw_l2_wn_20181113::2.0
P,urn:nasa:pds:maven.lpw.derived:data.w.n:mvn_lpw_l2_wn_20181115::2.0
P,urn:nasa:pds:maven.lpw.derived:data.w.n:mvn_lpw_l2_wn_20181122::2.0
P,urn:nasa:pds:maven.lpw.derived:data.w.n:mvn_lpw_l2_wn_20181128::2.0
P,urn:nasa:pds:maven.lpw.derived:data.w.n:mvn_lpw_l2_wn_20181129::2.0
P,urn:nasa:pds:maven.lpw.derived:data.w.n:mvn_lpw_l2_wn_20181206::2.0
P,urn:nasa:pds:maven.lpw.derived:data.w.n:mvn_lpw_l2_wn_20190102::2.0
P,urn:nasa:pds:maven.lpw.derived:data.w.n:mvn_lpw_l2_wn_20190203::2.0
P,urn:nasa:pds:maven.lpw.derived:data.w.n:mvn_lpw_l2_wn_20190301::2.0
P,urn:nasa:pds:maven.lpw.derived:data.w.n:mvn_lpw_l2_wn_20190331::2.0
P,urn:nasa:pds:maven.lpw.derived:data.w.n:mvn_lpw_l2_wn_20190418::2.0
P,urn:nasa:pds:maven.lpw.derived:data.w.n:mvn_lpw_l2_wn_20190501::2.0
P,urn:nasa:pds:maven.lpw.derived:data.w.n:mvn_lpw_l2_wn_20190515::2.0
P,urn:nasa:pds:maven.lpw.derived:data.w.n:mvn_lpw_l2_wn_20190529::2.0
P,urn:nasa:pds:maven.lpw.derived:data.w.n:mvn_lpw_l2_wn_20190601::2.0
P,urn:nasa:pds:maven.lpw.derived:data.w.n:mvn_lpw_l2_wn_20190602::2.0
P,urn:nasa:pds:maven.lpw.derived:data.w.n:mvn_lpw_l2_wn_20190703::2.0
P,urn:nasa:pds:maven.lpw.derived:data.w.n:mvn_lpw_l2_wn_20190801::2.0
P,urn:nasa:pds:maven.lpw.derived:data.w.n:mvn_lpw_l2_wn_20190814::2.0
P,urn:nasa:pds:maven.lpw.derived:data.w.n:mvn_lpw_l2_wn_20190815::2.0
P,urn:nasa:pds:maven.lpw.derived:data.w.n:mvn_lpw_l2_wn_20190817::2.0
P,urn:nasa:pds:maven.lpw.derived:data.w.n:mvn_lpw_l2_wn_20190818::2.0
P,urn:nasa:pds:maven.lpw.derived:data.w.n:mvn_lpw_l2_wn_20190819::2.0
P,urn:nasa:pds:maven.lpw.derived:data.w.n:mvn_lpw_l2_wn_20190912::2.0
P,urn:nasa:pds:maven.lpw.derived:data.w.n:mvn_lpw_l2_wn_20190913::2.0
P,urn:nasa:pds:maven.lpw.derived:data.w.n:mvn_lpw_l2_wn_20190918::2.0
P,urn:nasa:pds:maven.lpw.derived:data.w.n:mvn_lpw_l2_wn_20190919::2.0
P,urn:nasa:pds:maven.lpw.derived:data.w.n:mvn_lpw_l2_wn_20190920::2.0
P,urn:nasa:pds:maven.lpw.derived:data.w.n:mvn_lpw_l2_wn_20191001::2.0
P,urn:nasa:pds:maven.lpw.derived:data.w.n:mvn_lpw_l2_wn_20191002::2.0
P,urn:nasa:pds:maven.lpw.derived:data.w.n:mvn_lpw_l2_wn_20191031::2.0
P,urn:nasa:pds:maven.lpw.derived:data.w.n:mvn_lpw_l2_wn_20191101::2.0
P,urn:nasa:pds:maven.lpw.derived:data.w.n:mvn_lpw_l2_wn_20191127::2.0
P,urn:nasa:pds:maven.lpw.derived:data.w.n:mvn_lpw_l2_wn_20191201::2.0
P,urn:nasa:pds:maven.lpw.derived:data.w.n:mvn_lpw_l2_wn_20191204::2.0
P,urn:nasa:pds:maven.lpw.derived:data.w.n:mvn_lpw_l2_wn_20200101::2.0
P,urn:nasa:pds:maven.lpw.derived:data.w.n:mvn_lpw_l2_wn_20200126::2.0
P,urn:nasa:pds:maven.lpw.derived:data.w.n:mvn_lpw_l2_wn_20200127::2.0
P,urn:nasa:pds:maven.lpw.derived:data.w.n:mvn_lpw_l2_wn_20200401::2.0
P,urn:nasa:pds:maven.lpw.derived:data.w.n:mvn_lpw_l2_wn_20200430::2.0
P,urn:nasa:pds:maven.lpw.derived:data.w.n:mvn_lpw_l2_wn_20200519::2.0
P,urn:nasa:pds:maven.lpw.derived:data.w.n:mvn_lpw_l2_wn_20200520::2.0
P,urn:nasa:pds:maven.lpw.derived:data.w.n:mvn_lpw_l2_wn_20200521::2.0
P,urn:nasa:pds:maven.lpw.derived:data.w.n:mvn_lpw_l2_wn_20200522::2.0
P,urn:nasa:pds:maven.lpw.derived:data.w.n:mvn_lpw_l2_wn_20200523::2.0
P,urn:nasa:pds:maven.lpw.derived:data.w.n:mvn_lpw_l2_wn_20200524::2.0
P,urn:nasa:pds:maven.lpw.derived:data.w.n:mvn_lpw_l2_wn_20200525::2.0
P,urn:nasa:pds:maven.lpw.derived:data.w.n:mvn_lpw_l2_wn_20200526::2.0
P,urn:nasa:pds:maven.lpw.derived:data.w.n:mvn_lpw_l2_wn_20200527::2.0
P,urn:nasa:pds:maven.lpw.derived:data.w.n:mvn_lpw_l2_wn_20200528::2.0
P,urn:nasa:pds:maven.lpw.derived:data.w.n:mvn_lpw_l2_wn_20200529::2.0
P,urn:nasa:pds:maven.lpw.derived:data.w.n:mvn_lpw_l2_wn_20200530::2.0
P,urn:nasa:pds:maven.lpw.derived:data.w.n:mvn_lpw_l2_wn_20200531::2.0
P,urn:nasa:pds:maven.lpw.derived:data.w.n:mvn_lpw_l2_wn_20200601::2.0
P,urn:nasa:pds:maven.lpw.derived:data.w.n:mvn_lpw_l2_wn_20200602::2.0
P,urn:nasa:pds:maven.lpw.derived:data.w.n:mvn_lpw_l2_wn_20200603::2.0
P,urn:nasa:pds:maven.lpw.derived:data.w.n:mvn_lpw_l2_wn_20200604::2.0
P,urn:nasa:pds:maven.lpw.derived:data.w.n:mvn_lpw_l2_wn_20200605::2.0
P,urn:nasa:pds:maven.lpw.derived:data.w.n:mvn_lpw_l2_wn_20200606::2.0
P,urn:nasa:pds:maven.lpw.derived:data.w.n:mvn_lpw_l2_wn_20200607::2.0
P,urn:nasa:pds:maven.lpw.derived:data.w.n:mvn_lpw_l2_wn_20200609::2.0
P,urn:nasa:pds:maven.lpw.derived:data.w.n:mvn_lpw_l2_wn_20200610::2.0
P,urn:nasa:pds:maven.lpw.derived:data.w.n:mvn_lpw_l2_wn_20200611::2.0
P,urn:nasa:pds:maven.lpw.derived:data.w.n:mvn_lpw_l2_wn_20200612::2.0
P,urn:nasa:pds:maven.lpw.derived:data.w.n:mvn_lpw_l2_wn_20200613::2.0
P,urn:nasa:pds:maven.lpw.derived:data.w.n:mvn_lpw_l2_wn_20200614::2.0
P,urn:nasa:pds:maven.lpw.derived:data.w.n:mvn_lpw_l2_wn_20200615::2.0
P,urn:nasa:pds:maven.lpw.derived:data.w.n:mvn_lpw_l2_wn_20200616::2.0
P,urn:nasa:pds:maven.lpw.derived:data.w.n:mvn_lpw_l2_wn_20200617::2.0
P,urn:nasa:pds:maven.lpw.derived:data.w.n:mvn_lpw_l2_wn_20200618::2.0
P,urn:nasa:pds:maven.lpw.derived:data.w.n:mvn_lpw_l2_wn_20200619::2.0
P,urn:nasa:pds:maven.lpw.derived:data.w.n:mvn_lpw_l2_wn_20200620::2.0
P,urn:nasa:pds:maven.lpw.derived:data.w.n:mvn_lpw_l2_wn_20200621::2.0
P,urn:nasa:pds:maven.lpw.derived:data.w.n:mvn_lpw_l2_wn_20200622::2.0
P,urn:nasa:pds:maven.lpw.derived:data.w.n:mvn_lpw_l2_wn_20200623::2.0
P,urn:nasa:pds:maven.lpw.derived:data.w.n:mvn_lpw_l2_wn_20200624::2.0
P,urn:nasa:pds:maven.lpw.derived:data.w.n:mvn_lpw_l2_wn_20200625::2.0
P,urn:nasa:pds:maven.lpw.derived:data.w.n:mvn_lpw_l2_wn_20200626::2.0
P,urn:nasa:pds:maven.lpw.derived:data.w.n:mvn_lpw_l2_wn_20200627::2.0
P,urn:nasa:pds:maven.lpw.derived:data.w.n:mvn_lpw_l2_wn_20200628::2.0
P,urn:nasa:pds:maven.lpw.derived:data.w.n:mvn_lpw_l2_wn_20200629::2.0
P,urn:nasa:pds:maven.lpw.derived:data.w.n:mvn_lpw_l2_wn_20200630::2.0
P,urn:nasa:pds:maven.lpw.derived:data.w.n:mvn_lpw_l2_wn_20200701::2.0
P,urn:nasa:pds:maven.lpw.derived:data.w.n:mvn_lpw_l2_wn_20200702::2.0
P,urn:nasa:pds:maven.lpw.derived:data.w.n:mvn_lpw_l2_wn_20200703::2.0
P,urn:nasa:pds:maven.lpw.derived:data.w.n:mvn_lpw_l2_wn_20200704::2.0
P,urn:nasa:pds:maven.lpw.derived:data.w.n:mvn_lpw_l2_wn_20200705::2.0
P,urn:nasa:pds:maven.lpw.derived:data.w.n:mvn_lpw_l2_wn_20200706::2.0
P,urn:nasa:pds:maven.lpw.derived:data.w.n:mvn_lpw_l2_wn_20200707::2.0
P,urn:nasa:pds:maven.lpw.derived:data.w.n:mvn_lpw_l2_wn_20200708::2.0
P,urn:nasa:pds:maven.lpw.derived:data.w.n:mvn_lpw_l2_wn_20200709::2.0
P,urn:nasa:pds:maven.lpw.derived:data.w.n:mvn_lpw_l2_wn_20200710::2.0
P,urn:nasa:pds:maven.lpw.derived:data.w.n:mvn_lpw_l2_wn_20200711::2.0
P,urn:nasa:pds:maven.lpw.derived:data.w.n:mvn_lpw_l2_wn_20200712::2.0
P,urn:nasa:pds:maven.lpw.derived:data.w.n:mvn_lpw_l2_wn_20200713::2.0
P,urn:nasa:pds:maven.lpw.derived:data.w.n:mvn_lpw_l2_wn_20200714::2.0
P,urn:nasa:pds:maven.lpw.derived:data.w.n:mvn_lpw_l2_wn_20200715::2.0
P,urn:nasa:pds:maven.lpw.derived:data.w.n:mvn_lpw_l2_wn_20200716::2.0
P,urn:nasa:pds:maven.lpw.derived:data.w.n:mvn_lpw_l2_wn_20200717::2.0
P,urn:nasa:pds:maven.lpw.derived:data.w.n:mvn_lpw_l2_wn_20200718::2.0
P,urn:nasa:pds:maven.lpw.derived:data.w.n:mvn_lpw_l2_wn_20200719::2.0
P,urn:nasa:pds:maven.lpw.derived:data.w.n:mvn_lpw_l2_wn_20200720::2.0
P,urn:nasa:pds:maven.lpw.derived:data.w.n:mvn_lpw_l2_wn_20200721::2.0
P,urn:nasa:pds:maven.lpw.derived:data.w.n:mvn_lpw_l2_wn_20200722::2.0
P,urn:nasa:pds:maven.lpw.derived:data.w.n:mvn_lpw_l2_wn_20200723::2.0
P,urn:nasa:pds:maven.lpw.derived:data.w.n:mvn_lpw_l2_wn_20200724::2.0
P,urn:nasa:pds:maven.lpw.derived:data.w.n:mvn_lpw_l2_wn_20200725::2.0
P,urn:nasa:pds:maven.lpw.derived:data.w.n:mvn_lpw_l2_wn_20200726::2.0
P,urn:nasa:pds:maven.lpw.derived:data.w.n:mvn_lpw_l2_wn_20200727::2.0
P,urn:nasa:pds:maven.lpw.derived:data.w.n:mvn_lpw_l2_wn_20200728::2.0
P,urn:nasa:pds:maven.lpw.derived:data.w.n:mvn_lpw_l2_wn_20200729::2.0
P,urn:nasa:pds:maven.lpw.derived:data.w.n:mvn_lpw_l2_wn_20200730::2.0
P,urn:nasa:pds:maven.lpw.derived:data.w.n:mvn_lpw_l2_wn_20200731::2.0
P,urn:nasa:pds:maven.lpw.derived:data.w.n:mvn_lpw_l2_wn_20200801::2.0
P,urn:nasa:pds:maven.lpw.derived:data.w.n:mvn_lpw_l2_wn_20200802::2.0
P,urn:nasa:pds:maven.lpw.derived:data.w.n:mvn_lpw_l2_wn_20200803::2.0
P,urn:nasa:pds:maven.lpw.derived:data.w.n:mvn_lpw_l2_wn_20200804::2.0
P,urn:nasa:pds:maven.lpw.derived:data.w.n:mvn_lpw_l2_wn_20200805::2.0
P,urn:nasa:pds:maven.lpw.derived:data.w.n:mvn_lpw_l2_wn_20200806::2.0
P,urn:nasa:pds:maven.lpw.derived:data.w.n:mvn_lpw_l2_wn_20200807::2.0
P,urn:nasa:pds:maven.lpw.derived:data.w.n:mvn_lpw_l2_wn_20200808::2.0
P,urn:nasa:pds:maven.lpw.derived:data.w.n:mvn_lpw_l2_wn_20200809::2.0
P,urn:nasa:pds:maven.lpw.derived:data.w.n:mvn_lpw_l2_wn_20200810::2.0
P,urn:nasa:pds:maven.lpw.derived:data.w.n:mvn_lpw_l2_wn_20200811::2.0
P,urn:nasa:pds:maven.lpw.derived:data.w.n:mvn_lpw_l2_wn_20200812::2.0
P,urn:nasa:pds:maven.lpw.derived:data.w.n:mvn_lpw_l2_wn_20200813::2.0
P,urn:nasa:pds:maven.lpw.derived:data.w.n:mvn_lpw_l2_wn_20200814::2.0
P,urn:nasa:pds:maven.lpw.derived:data.w.n:mvn_lpw_l2_wn_20200815::2.0
P,urn:nasa:pds:maven.lpw.derived:data.w.n:mvn_lpw_l2_wn_20200816::2.0
P,urn:nasa:pds:maven.lpw.derived:data.w.n:mvn_lpw_l2_wn_20200817::2.0
P,urn:nasa:pds:maven.lpw.derived:data.w.n:mvn_lpw_l2_wn_20200818::2.0
P,urn:nasa:pds:maven.lpw.derived:data.w.n:mvn_lpw_l2_wn_20200819::2.0
P,urn:nasa:pds:maven.lpw.derived:data.w.n:mvn_lpw_l2_wn_20200820::2.0
P,urn:nasa:pds:maven.lpw.derived:data.w.n:mvn_lpw_l2_wn_20200821::2.0
P,urn:nasa:pds:maven.lpw.derived:data.w.n:mvn_lpw_l2_wn_20200822::2.0
P,urn:nasa:pds:maven.lpw.derived:data.w.n:mvn_lpw_l2_wn_20200823::2.0
P,urn:nasa:pds:maven.lpw.derived:data.w.n:mvn_lpw_l2_wn_20200824::2.0
P,urn:nasa:pds:maven.lpw.derived:data.w.n:mvn_lpw_l2_wn_20200825::2.0
P,urn:nasa:pds:maven.lpw.derived:data.w.n:mvn_lpw_l2_wn_20200826::2.0
P,urn:nasa:pds:maven.lpw.derived:data.w.n:mvn_lpw_l2_wn_20200827::2.0
P,urn:nasa:pds:maven.lpw.derived:data.w.n:mvn_lpw_l2_wn_20200828::2.0
P,urn:nasa:pds:maven.lpw.derived:data.w.n:mvn_lpw_l2_wn_20200829::2.0
P,urn:nasa:pds:maven.lpw.derived:data.w.n:mvn_lpw_l2_wn_20200830::2.0
P,urn:nasa:pds:maven.lpw.derived:data.w.n:mvn_lpw_l2_wn_20200831::2.0
P,urn:nasa:pds:maven.lpw.derived:data.w.n:mvn_lpw_l2_wn_20200901::2.0
P,urn:nasa:pds:maven.lpw.derived:data.w.n:mvn_lpw_l2_wn_20200902::2.0
P,urn:nasa:pds:maven.lpw.derived:data.w.n:mvn_lpw_l2_wn_20200903::2.0
P,urn:nasa:pds:maven.lpw.derived:data.w.n:mvn_lpw_l2_wn_20200904::2.0
P,urn:nasa:pds:maven.lpw.derived:data.w.n:mvn_lpw_l2_wn_20200905::2.0
P,urn:nasa:pds:maven.lpw.derived:data.w.n:mvn_lpw_l2_wn_20200906::2.0
P,urn:nasa:pds:maven.lpw.derived:data.w.n:mvn_lpw_l2_wn_20200907::2.0
P,urn:nasa:pds:maven.lpw.derived:data.w.n:mvn_lpw_l2_wn_20200908::2.0
P,urn:nasa:pds:maven.lpw.derived:data.w.n:mvn_lpw_l2_wn_20200909::2.0
P,urn:nasa:pds:maven.lpw.derived:data.w.n:mvn_lpw_l2_wn_20200910::2.0
P,urn:nasa:pds:maven.lpw.derived:data.w.n:mvn_lpw_l2_wn_20200911::2.0
P,urn:nasa:pds:maven.lpw.derived:data.w.n:mvn_lpw_l2_wn_20200912::2.0
P,urn:nasa:pds:maven.lpw.derived:data.w.n:mvn_lpw_l2_wn_20200913::2.0
P,urn:nasa:pds:maven.lpw.derived:data.w.n:mvn_lpw_l2_wn_20200914::2.0
P,urn:nasa:pds:maven.lpw.derived:data.w.n:mvn_lpw_l2_wn_20200915::2.0
P,urn:nasa:pds:maven.lpw.derived:data.w.n:mvn_lpw_l2_wn_20200916::2.0
P,urn:nasa:pds:maven.lpw.derived:data.w.n:mvn_lpw_l2_wn_20200917::2.0
P,urn:nasa:pds:maven.lpw.derived:data.w.n:mvn_lpw_l2_wn_20200918::2.0
P,urn:nasa:pds:maven.lpw.derived:data.w.n:mvn_lpw_l2_wn_20200919::2.0
P,urn:nasa:pds:maven.lpw.derived:data.w.n:mvn_lpw_l2_wn_20200920::2.0
P,urn:nasa:pds:maven.lpw.derived:data.w.n:mvn_lpw_l2_wn_20200921::2.0
P,urn:nasa:pds:maven.lpw.derived:data.w.n:mvn_lpw_l2_wn_20200922::2.0
P,urn:nasa:pds:maven.lpw.derived:data.w.n:mvn_lpw_l2_wn_20200923::2.0
P,urn:nasa:pds:maven.lpw.derived:data.w.n:mvn_lpw_l2_wn_20200924::2.0
P,urn:nasa:pds:maven.lpw.derived:data.w.n:mvn_lpw_l2_wn_20200925::2.0
P,urn:nasa:pds:maven.lpw.derived:data.w.n:mvn_lpw_l2_wn_20200926::2.0
P,urn:nasa:pds:maven.lpw.derived:data.w.n:mvn_lpw_l2_wn_20200927::2.0
P,urn:nasa:pds:maven.lpw.derived:data.w.n:mvn_lpw_l2_wn_20200928::2.0
P,urn:nasa:pds:maven.lpw.derived:data.w.n:mvn_lpw_l2_wn_20200929::2.0
P,urn:nasa:pds:maven.lpw.derived:data.w.n:mvn_lpw_l2_wn_20200930::2.0
P,urn:nasa:pds:maven.lpw.derived:data.w.n:mvn_lpw_l2_wn_20201001::2.0
P,urn:nasa:pds:maven.lpw.derived:data.w.n:mvn_lpw_l2_wn_20201002::2.0
P,urn:nasa:pds:maven.lpw.derived:data.w.n:mvn_lpw_l2_wn_20201003::2.0
P,urn:nasa:pds:maven.lpw.derived:data.w.n:mvn_lpw_l2_wn_20201004::2.0
P,urn:nasa:pds:maven.lpw.derived:data.w.n:mvn_lpw_l2_wn_20201005::2.0
P,urn:nasa:pds:maven.lpw.derived:data.w.n:mvn_lpw_l2_wn_20201006::2.0
P,urn:nasa:pds:maven.lpw.derived:data.w.n:mvn_lpw_l2_wn_20201007::2.0
P,urn:nasa:pds:maven.lpw.derived:data.w.n:mvn_lpw_l2_wn_20201008::2.0
P,urn:nasa:pds:maven.lpw.derived:data.w.n:mvn_lpw_l2_wn_20201009::2.0
P,urn:nasa:pds:maven.lpw.derived:data.w.n:mvn_lpw_l2_wn_20201010::2.0
P,urn:nasa:pds:maven.lpw.derived:data.w.n:mvn_lpw_l2_wn_20201011::2.0
P,urn:nasa:pds:maven.lpw.derived:data.w.n:mvn_lpw_l2_wn_20201012::2.0
P,urn:nasa:pds:maven.lpw.derived:data.w.n:mvn_lpw_l2_wn_20201013::2.0
P,urn:nasa:pds:maven.lpw.derived:data.w.n:mvn_lpw_l2_wn_20201014::2.0
P,urn:nasa:pds:maven.lpw.derived:data.w.n:mvn_lpw_l2_wn_20201015::2.0
P,urn:nasa:pds:maven.lpw.derived:data.w.n:mvn_lpw_l2_wn_20201016::2.0
P,urn:nasa:pds:maven.lpw.derived:data.w.n:mvn_lpw_l2_wn_20201017::2.0
P,urn:nasa:pds:maven.lpw.derived:data.w.n:mvn_lpw_l2_wn_20201018::2.0
P,urn:nasa:pds:maven.lpw.derived:data.w.n:mvn_lpw_l2_wn_20201019::2.0
P,urn:nasa:pds:maven.lpw.derived:data.w.n:mvn_lpw_l2_wn_20201020::2.0
P,urn:nasa:pds:maven.lpw.derived:data.w.n:mvn_lpw_l2_wn_20201021::2.0
P,urn:nasa:pds:maven.lpw.derived:data.w.n:mvn_lpw_l2_wn_20201022::2.0
P,urn:nasa:pds:maven.lpw.derived:data.w.n:mvn_lpw_l2_wn_20201023::2.0
P,urn:nasa:pds:maven.lpw.derived:data.w.n:mvn_lpw_l2_wn_20201024::2.0
P,urn:nasa:pds:maven.lpw.derived:data.w.n:mvn_lpw_l2_wn_20201025::2.0
P,urn:nasa:pds:maven.lpw.derived:data.w.n:mvn_lpw_l2_wn_20201026::2.0
P,urn:nasa:pds:maven.lpw.derived:data.w.n:mvn_lpw_l2_wn_20201027::2.0
P,urn:nasa:pds:maven.lpw.derived:data.w.n:mvn_lpw_l2_wn_20201028::2.0
P,urn:nasa:pds:maven.lpw.derived:data.w.n:mvn_lpw_l2_wn_20201029::2.0
P,urn:nasa:pds:maven.lpw.derived:data.w.n:mvn_lpw_l2_wn_20201030::2.0
P,urn:nasa:pds:maven.lpw.derived:data.w.n:mvn_lpw_l2_wn_20201031::2.0
P,urn:nasa:pds:maven.lpw.derived:data.w.n:mvn_lpw_l2_wn_20201101::2.0
P,urn:nasa:pds:maven.lpw.derived:data.w.n:mvn_lpw_l2_wn_20201102::2.0
P,urn:nasa:pds:maven.lpw.derived:data.w.n:mvn_lpw_l2_wn_20201103::2.0
P,urn:nasa:pds:maven.lpw.derived:data.w.n:mvn_lpw_l2_wn_20201104::2.0
P,urn:nasa:pds:maven.lpw.derived:data.w.n:mvn_lpw_l2_wn_20201105::2.0
P,urn:nasa:pds:maven.lpw.derived:data.w.n:mvn_lpw_l2_wn_20201106::2.0
P,urn:nasa:pds:maven.lpw.derived:data.w.n:mvn_lpw_l2_wn_20201107::2.0
P,urn:nasa:pds:maven.lpw.derived:data.w.n:mvn_lpw_l2_wn_20201108::2.0
P,urn:nasa:pds:maven.lpw.derived:data.w.n:mvn_lpw_l2_wn_20201109::2.0
P,urn:nasa:pds:maven.lpw.derived:data.w.n:mvn_lpw_l2_wn_20201110::2.0
P,urn:nasa:pds:maven.lpw.derived:data.w.n:mvn_lpw_l2_wn_20201111::2.0
P,urn:nasa:pds:maven.lpw.derived:data.w.n:mvn_lpw_l2_wn_20201112::2.0
P,urn:nasa:pds:maven.lpw.derived:data.w.n:mvn_lpw_l2_wn_20201113::2.0
P,urn:nasa:pds:maven.lpw.derived:data.w.n:mvn_lpw_l2_wn_20201114::2.0
P,urn:nasa:pds:maven.lpw.derived:data.w.n:mvn_lpw_l2_wn_20201115::2.0
P,urn:nasa:pds:maven.lpw.derived:data.w.n:mvn_lpw_l2_wn_20201116::2.0
P,urn:nasa:pds:maven.lpw.derived:data.w.n:mvn_lpw_l2_wn_20201117::2.0
P,urn:nasa:pds:maven.lpw.derived:data.w.n:mvn_lpw_l2_wn_20201118::2.0
P,urn:nasa:pds:maven.lpw.derived:data.w.n:mvn_lpw_l2_wn_20201119::2.0
P,urn:nasa:pds:maven.lpw.derived:data.w.n:mvn_lpw_l2_wn_20201120::2.0
P,urn:nasa:pds:maven.lpw.derived:data.w.n:mvn_lpw_l2_wn_20201121::2.0
P,urn:nasa:pds:maven.lpw.derived:data.w.n:mvn_lpw_l2_wn_20201122::2.0
P,urn:nasa:pds:maven.lpw.derived:data.w.n:mvn_lpw_l2_wn_20201123::2.0
P,urn:nasa:pds:maven.lpw.derived:data.w.n:mvn_lpw_l2_wn_20201124::2.0
P,urn:nasa:pds:maven.lpw.derived:data.w.n:mvn_lpw_l2_wn_20201125::2.0
P,urn:nasa:pds:maven.lpw.derived:data.w.n:mvn_lpw_l2_wn_20201126::2.0
P,urn:nasa:pds:maven.lpw.derived:data.w.n:mvn_lpw_l2_wn_20201127::2.0
P,urn:nasa:pds:maven.lpw.derived:data.w.n:mvn_lpw_l2_wn_20201128::2.0
P,urn:nasa:pds:maven.lpw.derived:data.w.n:mvn_lpw_l2_wn_20201129::2.0
P,urn:nasa:pds:maven.lpw.derived:data.w.n:mvn_lpw_l2_wn_20201130::2.0
P,urn:nasa:pds:maven.lpw.derived:data.w.n:mvn_lpw_l2_wn_20201201::2.0
P,urn:nasa:pds:maven.lpw.derived:data.w.n:mvn_lpw_l2_wn_20201202::2.0
P,urn:nasa:pds:maven.lpw.derived:data.w.n:mvn_lpw_l2_wn_20201203::2.0
P,urn:nasa:pds:maven.lpw.derived:data.w.n:mvn_lpw_l2_wn_20201204::2.0
P,urn:nasa:pds:maven.lpw.derived:data.w.n:mvn_lpw_l2_wn_20201205::2.0
P,urn:nasa:pds:maven.lpw.derived:data.w.n:mvn_lpw_l2_wn_20201206::2.0
P,urn:nasa:pds:maven.lpw.derived:data.w.n:mvn_lpw_l2_wn_20201207::2.0
P,urn:nasa:pds:maven.lpw.derived:data.w.n:mvn_lpw_l2_wn_20201208::2.0
P,urn:nasa:pds:maven.lpw.derived:data.w.n:mvn_lpw_l2_wn_20201209::2.0
P,urn:nasa:pds:maven.lpw.derived:data.w.n:mvn_lpw_l2_wn_20201210::2.0
P,urn:nasa:pds:maven.lpw.derived:data.w.n:mvn_lpw_l2_wn_20201211::2.0
P,urn:nasa:pds:maven.lpw.derived:data.w.n:mvn_lpw_l2_wn_20201212::2.0
P,urn:nasa:pds:maven.lpw.derived:data.w.n:mvn_lpw_l2_wn_20201213::2.0
P,urn:nasa:pds:maven.lpw.derived:data.w.n:mvn_lpw_l2_wn_20201214::2.0
P,urn:nasa:pds:maven.lpw.derived:data.w.n:mvn_lpw_l2_wn_20201215::2.0
P,urn:nasa:pds:maven.lpw.derived:data.w.n:mvn_lpw_l2_wn_20201216::2.0
P,urn:nasa:pds:maven.lpw.derived:data.w.n:mvn_lpw_l2_wn_20201217::2.0
P,urn:nasa:pds:maven.lpw.derived:data.w.n:mvn_lpw_l2_wn_20201218::2.0
P,urn:nasa:pds:maven.lpw.derived:data.w.n:mvn_lpw_l2_wn_20201219::2.0
P,urn:nasa:pds:maven.lpw.derived:data.w.n:mvn_lpw_l2_wn_20201220::2.0
P,urn:nasa:pds:maven.lpw.derived:data.w.n:mvn_lpw_l2_wn_20201221::2.0
P,urn:nasa:pds:maven.lpw.derived:data.w.n:mvn_lpw_l2_wn_20201222::2.0
P,urn:nasa:pds:maven.lpw.derived:data.w.n:mvn_lpw_l2_wn_20201223::2.0
P,urn:nasa:pds:maven.lpw.derived:data.w.n:mvn_lpw_l2_wn_20201224::2.0
P,urn:nasa:pds:maven.lpw.derived:data.w.n:mvn_lpw_l2_wn_20201225::2.0
P,urn:nasa:pds:maven.lpw.derived:data.w.n:mvn_lpw_l2_wn_20201226::2.0
P,urn:nasa:pds:maven.lpw.derived:data.w.n:mvn_lpw_l2_wn_20201227::2.0
P,urn:nasa:pds:maven.lpw.derived:data.w.n:mvn_lpw_l2_wn_20201228::2.0
P,urn:nasa:pds:maven.lpw.derived:data.w.n:mvn_lpw_l2_wn_20201229::2.0
P,urn:nasa:pds:maven.lpw.derived:data.w.n:mvn_lpw_l2_wn_20201230::2.0
P,urn:nasa:pds:maven.lpw.derived:data.w.n:mvn_lpw_l2_wn_20201231::2.0
P,urn:nasa:pds:maven.lpw.derived:data.w.n:mvn_lpw_l2_wn_20210101::2.0
P,urn:nasa:pds:maven.lpw.derived:data.w.n:mvn_lpw_l2_wn_20210102::2.0
P,urn:nasa:pds:maven.lpw.derived:data.w.n:mvn_lpw_l2_wn_20210103::2.0
P,urn:nasa:pds:maven.lpw.derived:data.w.n:mvn_lpw_l2_wn_20210104::2.0
P,urn:nasa:pds:maven.lpw.derived:data.w.n:mvn_lpw_l2_wn_20210105::2.0
P,urn:nasa:pds:maven.lpw.derived:data.w.n:mvn_lpw_l2_wn_20210106::2.0
P,urn:nasa:pds:maven.lpw.derived:data.w.n:mvn_lpw_l2_wn_20210107::2.0
P,urn:nasa:pds:maven.lpw.derived:data.w.n:mvn_lpw_l2_wn_20210108::2.0
P,urn:nasa:pds:maven.lpw.derived:data.w.n:mvn_lpw_l2_wn_20210109::2.0
P,urn:nasa:pds:maven.lpw.derived:data.w.n:mvn_lpw_l2_wn_20210110::2.0
P,urn:nasa:pds:maven.lpw.derived:data.w.n:mvn_lpw_l2_wn_20210111::2.0
P,urn:nasa:pds:maven.lpw.derived:data.w.n:mvn_lpw_l2_wn_20210114::2.0
P,urn:nasa:pds:maven.lpw.derived:data.w.n:mvn_lpw_l2_wn_20210115::2.0
P,urn:nasa:pds:maven.lpw.derived:data.w.n:mvn_lpw_l2_wn_20210116::2.0
P,urn:nasa:pds:maven.lpw.derived:data.w.n:mvn_lpw_l2_wn_20210117::2.0
P,urn:nasa:pds:maven.lpw.derived:data.w.n:mvn_lpw_l2_wn_20210118::2.0
P,urn:nasa:pds:maven.lpw.derived:data.w.n:mvn_lpw_l2_wn_20210119::2.0
P,urn:nasa:pds:maven.lpw.derived:data.w.n:mvn_lpw_l2_wn_20210120::2.0
P,urn:nasa:pds:maven.lpw.derived:data.w.n:mvn_lpw_l2_wn_20210121::2.0
P,urn:nasa:pds:maven.lpw.derived:data.w.n:mvn_lpw_l2_wn_20210122::2.0
P,urn:nasa:pds:maven.lpw.derived:data.w.n:mvn_lpw_l2_wn_20210123::2.0
P,urn:nasa:pds:maven.lpw.derived:data.w.n:mvn_lpw_l2_wn_20210124::2.0
P,urn:nasa:pds:maven.lpw.derived:data.w.n:mvn_lpw_l2_wn_20210125::2.0
P,urn:nasa:pds:maven.lpw.derived:data.w.n:mvn_lpw_l2_wn_20210126::2.0
P,urn:nasa:pds:maven.lpw.derived:data.w.n:mvn_lpw_l2_wn_20210127::2.0
P,urn:nasa:pds:maven.lpw.derived:data.w.n:mvn_lpw_l2_wn_20210128::2.0
P,urn:nasa:pds:maven.lpw.derived:data.w.n:mvn_lpw_l2_wn_20210129::2.0
P,urn:nasa:pds:maven.lpw.derived:data.w.n:mvn_lpw_l2_wn_20210130::2.0
P,urn:nasa:pds:maven.lpw.derived:data.w.n:mvn_lpw_l2_wn_20210131::2.0
P,urn:nasa:pds:maven.lpw.derived:data.w.n:mvn_lpw_l2_wn_20210201::2.0
P,urn:nasa:pds:maven.lpw.derived:data.w.n:mvn_lpw_l2_wn_20210202::2.0
P,urn:nasa:pds:maven.lpw.derived:data.w.n:mvn_lpw_l2_wn_20210203::2.0
P,urn:nasa:pds:maven.lpw.derived:data.w.n:mvn_lpw_l2_wn_20210204::2.0
P,urn:nasa:pds:maven.lpw.derived:data.w.n:mvn_lpw_l2_wn_20210205::2.0
P,urn:nasa:pds:maven.lpw.derived:data.w.n:mvn_lpw_l2_wn_20210206::2.0
P,urn:nasa:pds:maven.lpw.derived:data.w.n:mvn_lpw_l2_wn_20210207::2.0
P,urn:nasa:pds:maven.lpw.derived:data.w.n:mvn_lpw_l2_wn_20210208::2.0
P,urn:nasa:pds:maven.lpw.derived:data.w.n:mvn_lpw_l2_wn_20210209::2.0
P,urn:nasa:pds:maven.lpw.derived:data.w.n:mvn_lpw_l2_wn_20210210::2.0
P,urn:nasa:pds:maven.lpw.derived:data.w.n:mvn_lpw_l2_wn_20210211::2.0
P,urn:nasa:pds:maven.lpw.derived:data.w.n:mvn_lpw_l2_wn_20210212::2.0
P,urn:nasa:pds:maven.lpw.derived:data.w.n:mvn_lpw_l2_wn_20210213::2.0
P,urn:nasa:pds:maven.lpw.derived:data.w.n:mvn_lpw_l2_wn_20210214::2.0
P,urn:nasa:pds:maven.lpw.derived:data.w.n:mvn_lpw_l2_wn_20210215::2.0
P,urn:nasa:pds:maven.lpw.derived:data.w.n:mvn_lpw_l2_wn_20210216::2.0
P,urn:nasa:pds:maven.lpw.derived:data.w.n:mvn_lpw_l2_wn_20210217::2.0
P,urn:nasa:pds:maven.lpw.derived:data.w.n:mvn_lpw_l2_wn_20210218::2.0
P,urn:nasa:pds:maven.lpw.derived:data.w.n:mvn_lpw_l2_wn_20210219::2.0
P,urn:nasa:pds:maven.lpw.derived:data.w.n:mvn_lpw_l2_wn_20210220::2.0
P,urn:nasa:pds:maven.lpw.derived:data.w.n:mvn_lpw_l2_wn_20210221::2.0
P,urn:nasa:pds:maven.lpw.derived:data.w.n:mvn_lpw_l2_wn_20210222::2.0
P,urn:nasa:pds:maven.lpw.derived:data.w.n:mvn_lpw_l2_wn_20210224::2.0
P,urn:nasa:pds:maven.lpw.derived:data.w.n:mvn_lpw_l2_wn_20210225::2.0
P,urn:nasa:pds:maven.lpw.derived:data.w.n:mvn_lpw_l2_wn_20210226::2.0
P,urn:nasa:pds:maven.lpw.derived:data.w.n:mvn_lpw_l2_wn_20210227::2.0
P,urn:nasa:pds:maven.lpw.derived:data.w.n:mvn_lpw_l2_wn_20210228::2.0
P,urn:nasa:pds:maven.lpw.derived:data.w.n:mvn_lpw_l2_wn_20210301::2.0
P,urn:nasa:pds:maven.lpw.derived:data.w.n:mvn_lpw_l2_wn_20210302::2.0
P,urn:nasa:pds:maven.lpw.derived:data.w.n:mvn_lpw_l2_wn_20210303::2.0
P,urn:nasa:pds:maven.lpw.derived:data.w.n:mvn_lpw_l2_wn_20210304::2.0
P,urn:nasa:pds:maven.lpw.derived:data.w.n:mvn_lpw_l2_wn_20210305::2.0
P,urn:nasa:pds:maven.lpw.derived:data.w.n:mvn_lpw_l2_wn_20210306::2.0
P,urn:nasa:pds:maven.lpw.derived:data.w.n:mvn_lpw_l2_wn_20210307::2.0
P,urn:nasa:pds:maven.lpw.derived:data.w.n:mvn_lpw_l2_wn_20210308::2.0
P,urn:nasa:pds:maven.lpw.derived:data.w.n:mvn_lpw_l2_wn_20210309::2.0
P,urn:nasa:pds:maven.lpw.derived:data.w.n:mvn_lpw_l2_wn_20210310::2.0
P,urn:nasa:pds:maven.lpw.derived:data.w.n:mvn_lpw_l2_wn_20210311::2.0
P,urn:nasa:pds:maven.lpw.derived:data.w.n:mvn_lpw_l2_wn_20210312::2.0
P,urn:nasa:pds:maven.lpw.derived:data.w.n:mvn_lpw_l2_wn_20210313::2.0
P,urn:nasa:pds:maven.lpw.derived:data.w.n:mvn_lpw_l2_wn_20210314::2.0
P,urn:nasa:pds:maven.lpw.derived:data.w.n:mvn_lpw_l2_wn_20210315::2.0
P,urn:nasa:pds:maven.lpw.derived:data.w.n:mvn_lpw_l2_wn_20210316::2.0
P,urn:nasa:pds:maven.lpw.derived:data.w.n:mvn_lpw_l2_wn_20210317::2.0
P,urn:nasa:pds:maven.lpw.derived:data.w.n:mvn_lpw_l2_wn_20210318::2.0
P,urn:nasa:pds:maven.lpw.derived:data.w.n:mvn_lpw_l2_wn_20210319::2.0
P,urn:nasa:pds:maven.lpw.derived:data.w.n:mvn_lpw_l2_wn_20210320::2.0
P,urn:nasa:pds:maven.lpw.derived:data.w.n:mvn_lpw_l2_wn_20210321::2.0
P,urn:nasa:pds:maven.lpw.derived:data.w.n:mvn_lpw_l2_wn_20210322::2.0
P,urn:nasa:pds:maven.lpw.derived:data.w.n:mvn_lpw_l2_wn_20210323::2.0
P,urn:nasa:pds:maven.lpw.derived:data.w.n:mvn_lpw_l2_wn_20210324::2.0
P,urn:nasa:pds:maven.lpw.derived:data.w.n:mvn_lpw_l2_wn_20210325::2.0
P,urn:nasa:pds:maven.lpw.derived:data.w.n:mvn_lpw_l2_wn_20210326::2.0
P,urn:nasa:pds:maven.lpw.derived:data.w.n:mvn_lpw_l2_wn_20210327::2.0
P,urn:nasa:pds:maven.lpw.derived:data.w.n:mvn_lpw_l2_wn_20210328::2.0
P,urn:nasa:pds:maven.lpw.derived:data.w.n:mvn_lpw_l2_wn_20210329::2.0
P,urn:nasa:pds:maven.lpw.derived:data.w.n:mvn_lpw_l2_wn_20210330::2.0
P,urn:nasa:pds:maven.lpw.derived:data.w.n:mvn_lpw_l2_wn_20210331::2.0
P,urn:nasa:pds:maven.lpw.derived:data.w.n:mvn_lpw_l2_wn_20210401::2.0
P,urn:nasa:pds:maven.lpw.derived:data.w.n:mvn_lpw_l2_wn_20210402::2.0
P,urn:nasa:pds:maven.lpw.derived:data.w.n:mvn_lpw_l2_wn_20210403::2.0
P,urn:nasa:pds:maven.lpw.derived:data.w.n:mvn_lpw_l2_wn_20210404::2.0
P,urn:nasa:pds:maven.lpw.derived:data.w.n:mvn_lpw_l2_wn_20210405::2.0
P,urn:nasa:pds:maven.lpw.derived:data.w.n:mvn_lpw_l2_wn_20210406::2.0
P,urn:nasa:pds:maven.lpw.derived:data.w.n:mvn_lpw_l2_wn_20210407::2.0
P,urn:nasa:pds:maven.lpw.derived:data.w.n:mvn_lpw_l2_wn_20210408::2.0
P,urn:nasa:pds:maven.lpw.derived:data.w.n:mvn_lpw_l2_wn_20210409::2.0
P,urn:nasa:pds:maven.lpw.derived:data.w.n:mvn_lpw_l2_wn_20210410::2.0
P,urn:nasa:pds:maven.lpw.derived:data.w.n:mvn_lpw_l2_wn_20210411::2.0
P,urn:nasa:pds:maven.lpw.derived:data.w.n:mvn_lpw_l2_wn_20210412::2.0
P,urn:nasa:pds:maven.lpw.derived:data.w.n:mvn_lpw_l2_wn_20210413::2.0
P,urn:nasa:pds:maven.lpw.derived:data.w.n:mvn_lpw_l2_wn_20210414::2.0
P,urn:nasa:pds:maven.lpw.derived:data.w.n:mvn_lpw_l2_wn_20210415::2.0
P,urn:nasa:pds:maven.lpw.derived:data.w.n:mvn_lpw_l2_wn_20210416::2.0
P,urn:nasa:pds:maven.lpw.derived:data.w.n:mvn_lpw_l2_wn_20210417::2.0
P,urn:nasa:pds:maven.lpw.derived:data.w.n:mvn_lpw_l2_wn_20210418::2.0
P,urn:nasa:pds:maven.lpw.derived:data.w.n:mvn_lpw_l2_wn_20210419::2.0
P,urn:nasa:pds:maven.lpw.derived:data.w.n:mvn_lpw_l2_wn_20210420::2.0
P,urn:nasa:pds:maven.lpw.derived:data.w.n:mvn_lpw_l2_wn_20210421::2.0
P,urn:nasa:pds:maven.lpw.derived:data.w.n:mvn_lpw_l2_wn_20210422::2.0
P,urn:nasa:pds:maven.lpw.derived:data.w.n:mvn_lpw_l2_wn_20210423::2.0
P,urn:nasa:pds:maven.lpw.derived:data.w.n:mvn_lpw_l2_wn_20210424::2.0
P,urn:nasa:pds:maven.lpw.derived:data.w.n:mvn_lpw_l2_wn_20210425::2.0
P,urn:nasa:pds:maven.lpw.derived:data.w.n:mvn_lpw_l2_wn_20210426::2.0
P,urn:nasa:pds:maven.lpw.derived:data.w.n:mvn_lpw_l2_wn_20210427::2.0
P,urn:nasa:pds:maven.lpw.derived:data.w.n:mvn_lpw_l2_wn_20210430::2.0
P,urn:nasa:pds:maven.lpw.derived:data.w.n:mvn_lpw_l2_wn_20210601::2.0
P,urn:nasa:pds:maven.lpw.derived:data.w.n:mvn_lpw_l2_wn_20210702::2.0
P,urn:nasa:pds:maven.lpw.derived:data.w.n:mvn_lpw_l2_wn_20210801::2.0
P,urn:nasa:pds:maven.lpw.derived:data.w.n:mvn_lpw_l2_wn_20210901::2.0
P,urn:nasa:pds:maven.lpw.derived:data.w.n:mvn_lpw_l2_wn_20210926::2.0
P,urn:nasa:pds:maven.lpw.derived:data.w.n:mvn_lpw_l2_wn_20211101::2.0
P,urn:nasa:pds:maven.lpw.derived:data.w.n:mvn_lpw_l2_wn_20211130::2.0
P,urn:nasa:pds:maven.lpw.derived:data.w.n:mvn_lpw_l2_wn_20211201::2.0
P,urn:nasa:pds:maven.lpw.derived:data.w.n:mvn_lpw_l2_wn_20220101::2.0
P,urn:nasa:pds:maven.lpw.derived:data.w.n:mvn_lpw_l2_wn_20220121::2.0
P,urn:nasa:pds:maven.lpw.derived:data.w.n:mvn_lpw_l2_wn_20220122::2.0
P,urn:nasa:pds:maven.lpw.derived:data.w.n:mvn_lpw_l2_wn_20220123::2.0
P,urn:nasa:pds:maven.lpw.derived:data.w.n:mvn_lpw_l2_wn_20220124::2.0
P,urn:nasa:pds:maven.lpw.derived:data.w.n:mvn_lpw_l2_wn_20220125::2.0
P,urn:nasa:pds:maven.lpw.derived:data.w.n:mvn_lpw_l2_wn_20220126::2.0
P,urn:nasa:pds:maven.lpw.derived:data.w.n:mvn_lpw_l2_wn_20220201::2.0
P,urn:nasa:pds:maven.lpw.derived:data.w.n:mvn_lpw_l2_wn_20220202::2.0
P,urn:nasa:pds:maven.lpw.derived:data.w.n:mvn_lpw_l2_wn_20220422::2.0
P,urn:nasa:pds:maven.lpw.derived:data.w.n:mvn_lpw_l2_wn_20220528::2.0
P,urn:nasa:pds:maven.lpw.derived:data.w.n:mvn_lpw_l2_wn_20220701::2.0
P,urn:nasa:pds:maven.lpw.derived:data.w.n:mvn_lpw_l2_wn_20220801::2.0
P,urn:nasa:pds:maven.lpw.derived:data.w.n:mvn_lpw_l2_wn_20220902::2.0
P,urn:nasa:pds:maven.lpw.derived:data.w.n:mvn_lpw_l2_wn_20221003::2.0
P,urn:nasa:pds:maven.lpw.derived:data.w.n:mvn_lpw_l2_wn_20221028::2.0
P,urn:nasa:pds:maven.lpw.derived:data.w.n:mvn_lpw_l2_wn_20221029::2.0
P,urn:nasa:pds:maven.lpw.derived:data.w.n:mvn_lpw_l2_wn_20221030::2.0
P,urn:nasa:pds:maven.lpw.derived:data.w.n:mvn_lpw_l2_wn_20221031::2.0
P,urn:nasa:pds:maven.lpw.derived:data.w.n:mvn_lpw_l2_wn_20221101::2.0
P,urn:nasa:pds:maven.lpw.derived:data.w.n:mvn_lpw_l2_wn_20221102::2.0
P,urn:nasa:pds:maven.lpw.derived:data.w.n:mvn_lpw_l2_wn_20221103::2.0
P,urn:nasa:pds:maven.lpw.derived:data.w.n:mvn_lpw_l2_wn_20230221::2.0
P,urn:nasa:pds:maven.lpw.derived:data.w.n:mvn_lpw_l2_wn_20230901::2.0
P,urn:nasa:pds:maven.lpw.derived:data.w.n:mvn_lpw_l2_wn_20231001::2.0
P,urn:nasa:pds:maven.lpw.derived:data.w.n:mvn_lpw_l2_wn_20231101::2.0
P,urn:nasa:pds:maven.lpw.derived:data.w.n:mvn_lpw_l2_wn_20231202::2.0
P,urn:nasa:pds:maven.lpw.derived:data.w.n:mvn_lpw_l2_wn_20231213::2.0
P,urn:nasa:pds:maven.lpw.derived:data.w.n:mvn_lpw_l2_wn_20231214::2.0
P,urn:nasa:pds:maven.lpw.derived:data.w.n:mvn_lpw_l2_wn_20231215::2.0
P,urn:nasa:pds:maven.lpw.derived:data.w.n:mvn_lpw_l2_wn_20231216::2.0
P,urn:nasa:pds:maven.lpw.derived:data.w.n:mvn_lpw_l2_wn_20231217::2.0
P,urn:nasa:pds:maven.lpw.derived:data.w.n:mvn_lpw_l2_wn_20231218::2.0
P,urn:nasa:pds:maven.lpw.derived:data.w.n:mvn_lpw_l2_wn_20231219::2.0
P,urn:nasa:pds:maven.lpw.derived:data.w.n:mvn_lpw_l2_wn_20231220::2.0
P,urn:nasa:pds:maven.lpw.derived:data.w.n:mvn_lpw_l2_wn_20231221::2.0
P,urn:nasa:pds:maven.lpw.derived:data.w.n:mvn_lpw_l2_wn_20231222::2.0
P,urn:nasa:pds:maven.lpw.derived:data.w.n:mvn_lpw_l2_wn_20231223::2.0
P,urn:nasa:pds:maven.lpw.derived:data.w.n:mvn_lpw_l2_wn_20231224::2.0
P,urn:nasa:pds:maven.lpw.derived:data.w.n:mvn_lpw_l2_wn_20231225::2.0
P,urn:nasa:pds:maven.lpw.derived:data.w.n:mvn_lpw_l2_wn_20231226::2.0
P,urn:nasa:pds:maven.lpw.derived:data.w.n:mvn_lpw_l2_wn_20231228::2.0
P,urn:nasa:pds:maven.lpw.derived:data.w.n:mvn_lpw_l2_wn_20240101::2.0
P,urn:nasa:pds:maven.lpw.derived:data.w.n:mvn_lpw_l2_wn_20240201::2.0
P,urn:nasa:pds:maven.lpw.derived:data.w.n:mvn_lpw_l2_wn_20240301::1.0
P,urn:nasa:pds:maven.lpw.derived:data.w.n:mvn_lpw_l2_wn_20240401::1.0
P,urn:nasa:pds:maven.lpw.derived:data.w.n:mvn_lpw_l2_wn_20240430::1.0
P,urn:nasa:pds:maven.lpw.derived:data.w.n:mvn_lpw_l2_wn_20240601::1.0
P,urn:nasa:pds:maven.lpw.derived:data.w.n:mvn_lpw_l2_wn_20240701::1.0
P,urn:nasa:pds:maven.lpw.derived:data.w.n:mvn_lpw_l2_wn_20240711::1.0
P,urn:nasa:pds:maven.lpw.derived:data.w.n:mvn_lpw_l2_wn_20240712::1.0
P,urn:nasa:pds:maven.lpw.derived:data.w.n:mvn_lpw_l2_wn_20240713::1.0
P,urn:nasa:pds:maven.lpw.derived:data.w.n:mvn_lpw_l2_wn_20240714::1.0
P,urn:nasa:pds:maven.lpw.derived:data.w.n:mvn_lpw_l2_wn_20240715::1.0
P,urn:nasa:pds:maven.lpw.derived:data.w.n:mvn_lpw_l2_wn_20240716::1.0
P,urn:nasa:pds:maven.lpw.derived:data.w.n:mvn_lpw_l2_wn_20240801::1.0
P,urn:nasa:pds:maven.lpw.derived:data.w.n:mvn_lpw_l2_wn_20240901::2.0
P,urn:nasa:pds:maven.lpw.derived:data.w.n:mvn_lpw_l2_wn_20241001::2.0
P,urn:nasa:pds:maven.lpw.derived:data.w.n:mvn_lpw_l2_wn_20241101::2.0
P,urn:nasa:pds:maven.lpw.derived:data.w.n:mvn_lpw_l2_wn_20241102::2.0
P,urn:nasa:pds:maven.lpw.derived:data.w.n:mvn_lpw_l2_wn_20241103::2.0
P,urn:nasa:pds:maven.lpw.derived:data.w.n:mvn_lpw_l2_wn_20241104::2.0
P,urn:nasa:pds:maven.lpw.derived:data.w.n:mvn_lpw_l2_wn_20241105::2.0
P,urn:nasa:pds:maven.lpw.derived:data.w.n:mvn_lpw_l2_wn_20241106::2.0
P,urn:nasa:pds:maven.lpw.derived:data.w.n:mvn_lpw_l2_wn_20241121::1.0
P,urn:nasa:pds:maven.lpw.derived:data.w.n:mvn_lpw_l2_wn_20241122::1.0
P,urn:nasa:pds:maven.lpw.derived:data.w.n:mvn_lpw_l2_wn_20241123::1.0
P,urn:nasa:pds:maven.lpw.derived:data.w.n:mvn_lpw_l2_wn_20241124::1.0
P,urn:nasa:pds:maven.lpw.derived:data.w.n:mvn_lpw_l2_wn_20241125::1.0
P,urn:nasa:pds:maven.lpw.derived:data.w.n:mvn_lpw_l2_wn_20241126::1.0
P,urn:nasa:pds:maven.lpw.derived:data.w.n:mvn_lpw_l2_wn_20241127::1.0
P,urn:nasa:pds:maven.lpw.derived:data.w.n:mvn_lpw_l2_wn_20241128::1.0
P,urn:nasa:pds:maven.lpw.derived:data.w.n:mvn_lpw_l2_wn_20241129::1.0
P,urn:nasa:pds:maven.lpw.derived:data.w.n:mvn_lpw_l2_wn_20241130::1.0
P,urn:nasa:pds:maven.lpw.derived:data.w.n:mvn_lpw_l2_wn_20241201::1.0
P,urn:nasa:pds:maven.lpw.derived:data.w.n:mvn_lpw_l2_wn_20241202::1.0
P,urn:nasa:pds:maven.lpw.derived:data.w.n:mvn_lpw_l2_wn_20241203::1.0
P,urn:nasa:pds:maven.lpw.derived:data.w.n:mvn_lpw_l2_wn_20241204::1.0
P,urn:nasa:pds:maven.lpw.derived:data.w.n:mvn_lpw_l2_wn_20241205::1.0
P,urn:nasa:pds:maven.lpw.derived:data.w.n:mvn_lpw_l2_wn_20241206::1.0
P,urn:nasa:pds:maven.lpw.derived:data.w.n:mvn_lpw_l2_wn_20241207::1.0
P,urn:nasa:pds:maven.lpw.derived:data.w.n:mvn_lpw_l2_wn_20241208::1.0
P,urn:nasa:pds:maven.lpw.derived:data.w.n:mvn_lpw_l2_wn_20241209::1.0
P,urn:nasa:pds:maven.lpw.derived:data.w.n:mvn_lpw_l2_wn_20241210::1.0
P,urn:nasa:pds:maven.lpw.derived:data.w.n:mvn_lpw_l2_wn_20241211::1.0
P,urn:nasa:pds:maven.lpw.derived:data.w.n:mvn_lpw_l2_wn_20241212::1.0
P,urn:nasa:pds:maven.lpw.derived:data.w.n:mvn_lpw_l2_wn_20241213::1.0
P,urn:nasa:pds:maven.lpw.derived:data.w.n:mvn_lpw_l2_wn_20241214::1.0
P,urn:nasa:pds:maven.lpw.derived:data.w.n:mvn_lpw_l2_wn_20241215::1.0
P,urn:nasa:pds:maven.lpw.derived:data.w.n:mvn_lpw_l2_wn_20241216::1.0
P,urn:nasa:pds:maven.lpw.derived:data.w.n:mvn_lpw_l2_wn_20241217::1.0
P,urn:nasa:pds:maven.lpw.derived:data.w.n:mvn_lpw_l2_wn_20241218::1.0
P,urn:nasa:pds:maven.lpw.derived:data.w.n:mvn_lpw_l2_wn_20241219::1.0
P,urn:nasa:pds:maven.lpw.derived:data.w.n:mvn_lpw_l2_wn_20241220::1.0
P,urn:nasa:pds:maven.lpw.derived:data.w.n:mvn_lpw_l2_wn_20241221::1.0
P,urn:nasa:pds:maven.lpw.derived:data.w.n:mvn_lpw_l2_wn_20241222::1.0
P,urn:nasa:pds:maven.lpw.derived:data.w.n:mvn_lpw_l2_wn_20241223::1.0
P,urn:nasa:pds:maven.lpw.derived:data.w.n:mvn_lpw_l2_wn_20241224::1.0
P,urn:nasa:pds:maven.lpw.derived:data.w.n:mvn_lpw_l2_wn_20241225::1.0
P,urn:nasa:pds:maven.lpw.derived:data.w.n:mvn_lpw_l2_wn_20241226::1.0
P,urn:nasa:pds:maven.lpw.derived:data.w.n:mvn_lpw_l2_wn_20241227::1.0
P,urn:nasa:pds:maven.lpw.derived:data.w.n:mvn_lpw_l2_wn_20241228::1.0
P,urn:nasa:pds:maven.lpw.derived:data.w.n:mvn_lpw_l2_wn_20241229::1.0
P,urn:nasa:pds:maven.lpw.derived:data.w.n:mvn_lpw_l2_wn_20241230::1.0
P,urn:nasa:pds:maven.lpw.derived:data.w.n:mvn_lpw_l2_wn_20241231::1.0
P,urn:nasa:pds:maven.lpw.derived:data.w.n:mvn_lpw_l2_wn_20250101::1.0
P,urn:nasa:pds:maven.lpw.derived:data.w.n:mvn_lpw_l2_wn_20250102::1.0
P,urn:nasa:pds:maven.lpw.derived:data.w.n:mvn_lpw_l2_wn_20250103::1.0
P,urn:nasa:pds:maven.lpw.derived:data.w.n:mvn_lpw_l2_wn_20250104::1.0
P,urn:nasa:pds:maven.lpw.derived:data.w.n:mvn_lpw_l2_wn_20250105::1.0
P,urn:nasa:pds:maven.lpw.derived:data.w.n:mvn_lpw_l2_wn_20250106::1.0
P,urn:nasa:pds:maven.lpw.derived:data.w.n:mvn_lpw_l2_wn_20250107::1.0
P,urn:nasa:pds:maven.lpw.derived:data.w.n:mvn_lpw_l2_wn_20250108::1.0
P,urn:nasa:pds:maven.lpw.derived:data.w.n:mvn_lpw_l2_wn_20250109::1.0
P,urn:nasa:pds:maven.lpw.derived:data.w.n:mvn_lpw_l2_wn_20250110::1.0
P,urn:nasa:pds:maven.lpw.derived:data.w.n:mvn_lpw_l2_wn_20250111::1.0
P,urn:nasa:pds:maven.lpw.derived:data.w.n:mvn_lpw_l2_wn_20250119::1.0
P,urn:nasa:pds:maven.lpw.derived:data.w.n:mvn_lpw_l2_wn_20250120::1.0
P,urn:nasa:pds:maven.lpw.derived:data.w.n:mvn_lpw_l2_wn_20250121::1.0
P,urn:nasa:pds:maven.lpw.derived:data.w.n:mvn_lpw_l2_wn_20250122::1.0
P,urn:nasa:pds:maven.lpw.derived:data.w.n:mvn_lpw_l2_wn_20250123::1.0
P,urn:nasa:pds:maven.lpw.derived:data.w.n:mvn_lpw_l2_wn_20250124::1.0
P,urn:nasa:pds:maven.lpw.derived:data.w.n:mvn_lpw_l2_wn_20250125::1.0
P,urn:nasa:pds:maven.lpw.derived:data.w.n:mvn_lpw_l2_wn_20250126::1.0
P,urn:nasa:pds:maven.lpw.derived:data.w.n:mvn_lpw_l2_wn_20250127::1.0
P,urn:nasa:pds:maven.lpw.derived:data.w.n:mvn_lpw_l2_wn_20250128::1.0
P,urn:nasa:pds:maven.lpw.derived:data.w.n:mvn_lpw_l2_wn_20250129::1.0
P,urn:nasa:pds:maven.lpw.derived:data.w.n:mvn_lpw_l2_wn_20250130::1.0
P,urn:nasa:pds:maven.lpw.derived:data.w.n:mvn_lpw_l2_wn_20250131::1.0
P,urn:nasa:pds:maven.lpw.derived:data.w.n:mvn_lpw_l2_wn_20250201::1.0
P,urn:nasa:pds:maven.lpw.derived:data.w.n:mvn_lpw_l2_wn_20250202::1.0
P,urn:nasa:pds:maven.lpw.derived:data.w.n:mvn_lpw_l2_wn_20250203::1.0
P,urn:nasa:pds:maven.lpw.derived:data.w.n:mvn_lpw_l2_wn_20250204::1.0
P,urn:nasa:pds:maven.lpw.derived:data.w.n:mvn_lpw_l2_wn_20250205::1.0
P,urn:nasa:pds:maven.lpw.derived:data.w.n:mvn_lpw_l2_wn_20250206::1.0
P,urn:nasa:pds:maven.lpw.derived:data.w.n:mvn_lpw_l2_wn_20250207::1.0
P,urn:nasa:pds:maven.lpw.derived:data.w.n:mvn_lpw_l2_wn_20250208::1.0
P,urn:nasa:pds:maven.lpw.derived:data.w.n:mvn_lpw_l2_wn_20250209::1.0
P,urn:nasa:pds:maven.lpw.derived:data.w.n:mvn_lpw_l2_wn_20250210::1.0
P,urn:nasa:pds:maven.lpw.derived:data.w.n:mvn_lpw_l2_wn_20250211::1.0
P,urn:nasa:pds:maven.lpw.derived:data.w.n:mvn_lpw_l2_wn_20250212::1.0
P,urn:nasa:pds:maven.lpw.derived:data.w.n:mvn_lpw_l2_wn_20250213::1.0
P,urn:nasa:pds:maven.lpw.derived:data.w.n:mvn_lpw_l2_wn_20250214::1.0
P,urn:nasa:pds:maven.lpw.derived:data.w.n:mvn_lpw_l2_wn_20250215::1.0
P,urn:nasa:pds:maven.lpw.derived:data.w.n:mvn_lpw_l2_wn_20250216::1.0
P,urn:nasa:pds:maven.lpw.derived:data.w.n:mvn_lpw_l2_wn_20250217::1.0
P,urn:nasa:pds:maven.lpw.derived:data.w.n:mvn_lpw_l2_wn_20250218::1.0
P,urn:nasa:pds:maven.lpw.derived:data.w.n:mvn_lpw_l2_wn_20250219::1.0
P,urn:nasa:pds:maven.lpw.derived:data.w.n:mvn_lpw_l2_wn_20250220::1.0
P,urn:nasa:pds:maven.lpw.derived:data.w.n:mvn_lpw_l2_wn_20250221::1.0
P,urn:nasa:pds:maven.lpw.derived:data.w.n:mvn_lpw_l2_wn_20250222::1.0
P,urn:nasa:pds:maven.lpw.derived:data.w.n:mvn_lpw_l2_wn_20250223::1.0
P,urn:nasa:pds:maven.lpw.derived:data.w.n:mvn_lpw_l2_wn_20250224::1.0
P,urn:nasa:pds:maven.lpw.derived:data.w.n:mvn_lpw_l2_wn_20250225::1.0
P,urn:nasa:pds:maven.lpw.derived:data.w.n:mvn_lpw_l2_wn_20250226::1.0
P,urn:nasa:pds:maven.lpw.derived:data.w.n:mvn_lpw_l2_wn_20250227::1.0
P,urn:nasa:pds:maven.lpw.derived:data.w.n:mvn_lpw_l2_wn_20250228::1.0
P,urn:nasa:pds:maven.lpw.derived:data.w.n:mvn_lpw_l2_wn_20250301::1.0
P,urn:nasa:pds:maven.lpw.derived:data.w.n:mvn_lpw_l2_wn_20250302::1.0
P,urn:nasa:pds:maven.lpw.derived:data.w.n:mvn_lpw_l2_wn_20250303::1.0
P,urn:nasa:pds:maven.lpw.derived:data.w.n:mvn_lpw_l2_wn_20250304::1.0
P,urn:nasa:pds:maven.lpw.derived:data.w.n:mvn_lpw_l2_wn_20250305::1.0
P,urn:nasa:pds:maven.lpw.derived:data.w.n:mvn_lpw_l2_wn_20250306::1.0
P,urn:nasa:pds:maven.lpw.derived:data.w.n:mvn_lpw_l2_wn_20250307::1.0
P,urn:nasa:pds:maven.lpw.derived:data.w.n:mvn_lpw_l2_wn_20250308::1.0
P,urn:nasa:pds:maven.lpw.derived:data.w.n:mvn_lpw_l2_wn_20250309::1.0
P,urn:nasa:pds:maven.lpw.derived:data.w.n:mvn_lpw_l2_wn_20250310::1.0
P,urn:nasa:pds:maven.lpw.derived:data.w.n:mvn_lpw_l2_wn_20250311::1.0
P,urn:nasa:pds:maven.lpw.derived:data.w.n:mvn_lpw_l2_wn_20250312::1.0
P,urn:nasa:pds:maven.lpw.derived:data.w.n:mvn_lpw_l2_wn_20250313::1.0
P,urn:nasa:pds:maven.lpw.derived:data.w.n:mvn_lpw_l2_wn_20250314::1.0
P,urn:nasa:pds:maven.lpw.derived:data.w.n:mvn_lpw_l2_wn_20250315::1.0
P,urn:nasa:pds:maven.lpw.derived:data.w.n:mvn_lpw_l2_wn_20250316::1.0
P,urn:nasa:pds:maven.lpw.derived:data.w.n:mvn_lpw_l2_wn_20250317::1.0
P,urn:nasa:pds:maven.lpw.derived:data.w.n:mvn_lpw_l2_wn_20250318::1.0
P,urn:nasa:pds:maven.lpw.derived:data.w.n:mvn_lpw_l2_wn_20250319::1.0
P,urn:nasa:pds:maven.lpw.derived:data.w.n:mvn_lpw_l2_wn_20250320::1.0
P,urn:nasa:pds:maven.lpw.derived:data.w.n:mvn_lpw_l2_wn_20250321::1.0
P,urn:nasa:pds:maven.lpw.derived:data.w.n:mvn_lpw_l2_wn_20250322::1.0
P,urn:nasa:pds:maven.lpw.derived:data.w.n:mvn_lpw_l2_wn_20250323::1.0
P,urn:nasa:pds:maven.lpw.derived:data.w.n:mvn_lpw_l2_wn_20250324::1.0
P,urn:nasa:pds:maven.lpw.derived:data.w.n:mvn_lpw_l2_wn_20250325::1.0
P,urn:nasa:pds:maven.lpw.derived:data.w.n:mvn_lpw_l2_wn_20250326::1.0
P,urn:nasa:pds:maven.lpw.derived:data.w.n:mvn_lpw_l2_wn_20250327::1.0
P,urn:nasa:pds:maven.lpw.derived:data.w.n:mvn_lpw_l2_wn_20250328::1.0
P,urn:nasa:pds:maven.lpw.derived:data.w.n:mvn_lpw_l2_wn_20250329::1.0
P,urn:nasa:pds:maven.lpw.derived:data.w.n:mvn_lpw_l2_wn_20250330::1.0
P,urn:nasa:pds:maven.lpw.derived:data.w.n:mvn_lpw_l2_wn_20250331::1.0
P,urn:nasa:pds:maven.lpw.derived:data.w.n:mvn_lpw_l2_wn_20250401::1.0
P,urn:nasa:pds:maven.lpw.derived:data.w.n:mvn_lpw_l2_wn_20250402::1.0
P,urn:nasa:pds:maven.lpw.derived:data.w.n:mvn_lpw_l2_wn_20250403::1.0
P,urn:nasa:pds:maven.lpw.derived:data.w.n:mvn_lpw_l2_wn_20250404::1.0
P,urn:nasa:pds:maven.lpw.derived:data.w.n:mvn_lpw_l2_wn_20250501::1.0
P,urn:nasa:pds:maven.lpw.derived:data.w.n:mvn_lpw_l2_wn_20250601::1.0
P,urn:nasa:pds:maven.lpw.derived:data.w.n:mvn_lpw_l2_wn_20250701::1.0
P,urn:nasa:pds:maven.lpw.derived:data.w.n:mvn_lpw_l2_wn_20250801::1.0
P,urn:nasa:pds:maven.lpw.derived:data.w.n:mvn_lpw_l2_wn_20250831::1.0
P,urn:nasa:pds:maven.lpw.derived:data.w.n:mvn_lpw_l2_wn_20251001::1.0
P,urn:nasa:pds:maven.lpw.derived:data.w.n:mvn_lpw_l2_wn_20251101::1.0
P,urn:nasa:pds:maven.lpw.derived:data.w.n:mvn_lpw_l2_wn_20251201::1.0
